"target_grade","assignment_preference","trimester_or_semester","age","pay_rent","urinal_choice","stall_choice","weetbix_count","weekly_food_spend","living_arrangements","weekly_alcohol","believe_in_aliens","height","daily_anxiety_frequency","weekly_study_hours","work_status","social_media","gender","average_daily_sleep","sleep_schedule","sibling_count","allergy_count","random_number","favourite_number","favourite_letter","drivers_license","dominant_hand","enrolled_unit","weekly_exercise_hours","weekly_paid_work_hours","assignments_on_time","used_r_before","team_role_type","university_year","wam"
"Pass","cram at the last second",NA,20,"yes","C: Furthest from the entrance","A: Closest to the entrance",5,10,"With parent(s) and/or sibling(s)","I don't drink alcohol","Yes",160,10,2,"I don't currently work","Instagram","Female",4,1,1,2,5,7,"NONE","Yes","Right","DATA2002",0.5,0,"Always","Yes",10,"Second year",65
"Fail","cram at the last second","semester",19,"no","C: Furthest from the entrance","C: Furthest from the entrance",5,20,"With parent(s) and/or sibling(s)","Less than 5 standard drinks","Yes",183,2,10,"Casual",NA,"Other",8,8,1,0,8,6,"J","Yes","Right","DATA2902",7,20,"Always","Yes",6,"Second year",86
"High Distinction","draw up a schedule and work through it in planned stages","semester",21,"yes","B: Middle","C: Furthest from the entrance",0,300,"With partner","I don't drink alcohol","Yes",180,10,120,"I don't currently work","Tiktok","Other",7,3,1,1,5,5,"X","Yes","Ambidextrous","DATA2002",2,0,"Always","Yes",3,"Second year",75
"High Distinction","draw up a schedule and work through it in planned stages","semester",20,"no","C: Furthest from the entrance","C: Furthest from the entrance",NA,35,"With parent(s) and/or sibling(s)","I don't drink alcohol","Yes",163,5,NA,"Contractor","Instagram",NA,7,1,1,NA,7,NA,"J","Yes","Right","DATA2902",1,NA,"Always","Yes",10,"Second year",90
"High Distinction","cram at the last second","semester",19,"no","C: Furthest from the entrance","B: Middle",0,50,"With parent(s) and/or sibling(s)","Less than 5 standard drinks","No",156,1,20,"Casual","Other","Female",9,10,1,0,4,5,"A","Yes","Right","DATA2002",8,20,"Always","Yes",7,"Second year",74
"Distinction","do them immediately","semester",18,"yes","C: Furthest from the entrance","A: Closest to the entrance",1,150,"College or student accomodation","I don't drink alcohol","No",156,4,28,"I don't currently work","Other","Female",6,4,0,1,2,2,"S","No","Right","DATA2002",6,0,"Usually","Yes",7,NA,77.3
"High Distinction","do them immediately","semester",20,"no","A: Closest to the entrance","A: Closest to the entrance",4,100,"With parent(s) and/or sibling(s)","Between 10 and 15 standard drinks","Yes",172.72,5,20,"Part time","Instagram","Other",8,7,2,NA,5,8,"Î ","Yes","Right","DATA2902",6,26,"Always","Yes",7,"Third year",92.4
"Distinction","draw up a schedule and work through it in planned stages","semester",20,"no","A: Closest to the entrance","B: Middle",2,250,"Alone","I don't drink alcohol","Yes",178,3,15,"Self employed","Instagram","Other",7,1,1,0,7,7,"L","Yes","Right","DATA2902",2,5,NA,"Yes",8,"Second year",75
"High Distinction","cram at the last second","semester",19,"yes","C: Furthest from the entrance","C: Furthest from the entrance",7,30,"With parent(s) and/or sibling(s)","I don't drink alcohol","Yes",183,4,30,"Casual","Instagram",NA,8,7,1,0,3,8,"Z","Yes","Right","DATA2002",6,15,"Always","Yes",8,"Second year",73
"High Distinction","draw up a schedule and work through it in planned stages","semester",19,"yes","C: Furthest from the entrance","B: Middle",30,20,"With parent(s) and/or sibling(s)","I don't drink alcohol","No",160,6,21,"I don't currently work","Instagram","Female",8,10,2,0,2,2,"G","No","Right","DATA2902",2,0,"Always","Yes",8,"Second year",85
"High Distinction","do them immediately","semester",20,"no","C: Furthest from the entrance","A: Closest to the entrance",4,NA,"With parent(s) and/or sibling(s)","I don't drink alcohol","Yes",180,2,NA,"Part time",NA,"Other",8,4,NA,NA,1,NA,NA,"No","Right","DATA2902",2,NA,"Always","Yes",NA,"Second year",75
"Distinction","draw up a schedule and work through it in planned stages","semester",20,"no","C: Furthest from the entrance","C: Furthest from the entrance",2,100,"With parent(s) and/or sibling(s)","Less than 5 standard drinks","No",181,8,20,"Contractor","Instagram","Other",6,7,2,0,7,2,"P","Yes","Left","DATA2002",7,10,"Always","Yes",9,"Second year",80.1
"High Distinction","draw up a schedule and work through it in planned stages","semester",20,"yes","C: Furthest from the entrance","C: Furthest from the entrance",0,100,"College or student accomodation","I don't drink alcohol","Yes",162,3,24,"Casual","Other","Other",8,8,1,0,6,1,"V","Yes","Right","DATA2902",3,5,"Usually","Yes",7,"Second year",83.1
"Distinction","cram at the last second","semester",20,"no","C: Furthest from the entrance","A: Closest to the entrance",4,50,"With parent(s) and/or sibling(s)","Between 5 and 10 standard drinks","Yes",194.5,2,36,"Contractor","Other","Other",8,8,2,2,2,8,"G","Yes","Left","DATA2002",11,4.5,"Always","No",9,"Third year",62
"Distinction","cram at the last second","semester",19,"no","C: Furthest from the entrance","C: Furthest from the entrance",0,0,"With parent(s) and/or sibling(s)","I don't drink alcohol","No",180,10,20,"Casual","Discord","Other",8,8,1,0,5,5,"X","Yes","Right","DATA2902",0,2,"Usually","Yes",5,"Second year",72
"High Distinction","do them immediately","semester",18,"no","C: Furthest from the entrance","C: Furthest from the entrance",2,150,"With parent(s) and/or sibling(s)","I don't drink alcohol","No",175,7,20,"Casual","Discord","Other",8,9,1,0,4,7,"J","Yes","Left","DATA2902",3,20,"Always","Yes",8,"First year",92.8
"High Distinction","do them immediately","semester",19,"no","C: Furthest from the entrance","C: Furthest from the entrance",0,250,"i live with my girlfriends parents (its complicated)","Between 5 and 10 standard drinks","Yes",NA,1,50,"Self employed","Youtube","Other",8,4,0,0,8,4,"E","Yes","Right","DATA2902",0,6.5,"Always","Yes",10,"Second year",91.8
"Distinction","draw up a schedule and work through it in planned stages","semester",19,"no","C: Furthest from the entrance","A: Closest to the entrance",1.5,60,"With parent(s) and/or sibling(s)","I don't drink alcohol","Yes",152.4,5,9,"Part time","Tiktok","Female",6,4,2,1,3,5,"R","Yes","Right","DATA2002",2,9,"Usually","Yes",9,"Second year",71
"High Distinction","do them immediately","trimester",20,"yes","C: Furthest from the entrance","C: Furthest from the entrance",0,210,"Share house","I don't drink alcohol","Yes",160,10,35,"I don't currently work","Wechat","Female",8,7,0,3,4,6,"U","Yes","Right","DATA2002",0,0,"Always","Yes",9,"Second year",84
"High Distinction","draw up a schedule and work through it in planned stages","semester",21,"yes","C: Furthest from the entrance","C: Furthest from the entrance",4,70,"With parent(s) and/or sibling(s)","I don't drink alcohol","Yes",180,4,25,"Part time","Twitter","Other",7,7,2,0,3,7,"A","Yes","Right","DATA2002",8,16,"Always","Yes",8,"Fourth year",60
"High Distinction","draw up a schedule and work through it in planned stages","semester",19,"no","A: Closest to the entrance","B: Middle",2,50,"With parent(s) and/or sibling(s)","Between 5 and 10 standard drinks","Yes",165,1,10,"Casual","Tiktok","Female",9,8,1,0,5,7,"A","Yes","Right","DATA2002",5,25,"Always","Yes",9,"Second year",87
"High Distinction","do them immediately","semester",23,"yes","C: Furthest from the entrance","A: Closest to the entrance",1,120,"With parent(s) and/or sibling(s)","I don't drink alcohol","Yes",179,10,30,"I don't currently work","Youtube","Other",6,1,5,NA,2,3,"B","Yes","Right","DATA2002",3,0,"Usually","Yes",2,"Second year",75
"High Distinction","draw up a schedule and work through it in planned stages","semester",20,"no","C: Furthest from the entrance","C: Furthest from the entrance",3,85,"With parent(s) and/or sibling(s)","I don't drink alcohol","No",152.4,5,16,"Casual","Discord","Other",8.5,7,0,3,5,5,"Q","Yes","Right","DATA2902",6,12,"Always","No",9,"Second year",78
"Distinction","draw up a schedule and work through it in planned stages","semester",19,"no","C: Furthest from the entrance","C: Furthest from the entrance",1,20,"With parent(s) and/or sibling(s)","I don't drink alcohol","Yes",175,6,8,"Part time","Tiktok","Female",6,4,2,0,7,7,"M","Yes","Right","DATA2902",NA,10,"Usually","Yes",6,"Second year",60
"Credit","do them immediately","semester",20,"yes","C: Furthest from the entrance","A: Closest to the entrance",0,200,"College or student accomodation","I don't drink alcohol","No",150,8,30,"I don't currently work","Youtube","Female",6,6,1,0,10,10,"O","No","Right","DATA2002",0,0,"Always","Yes",7,"Second year",78
"Distinction","draw up a schedule and work through it in planned stages","semester",19,"no","C: Furthest from the entrance","A: Closest to the entrance",0,60,"With parent(s) and/or sibling(s)","I don't drink alcohol","No",160.02,4,20,"I don't currently work","Instagram","Female",8,8,1,0,3,3,"P","No","Right","DATA2002",2,0,"Always","Yes",9,"Second year",74
"High Distinction","cram at the last second","semester",19,"yes","C: Furthest from the entrance","C: Furthest from the entrance",0,600,"With partner","Between 5 and 10 standard drinks","Yes",185,5,5,"Self employed","Instagram",NA,10,10,1,0,10,1,"S","Yes","Right","DATA2002",7,10,"Always","Yes",5,"Second year",69
"High Distinction","do them immediately","trimester",21,"yes","C: Furthest from the entrance","A: Closest to the entrance",5,150,"Alone","Less than 5 standard drinks","No",173,10,35,"Self employed","Discord","Other",8,9,1,0,9,8,"W","No","Right","DATA2902",15,0,"Always","No",7,"Third year",83
"Distinction","do them immediately","semester",20,"no","C: Furthest from the entrance","A: Closest to the entrance",0,200,"With parent(s) and/or sibling(s)","Less than 5 standard drinks","No",175,6,10,"I don't currently work","Instagram","Other",8,5,1,0,1,6,"I","Yes","Right","DATA2002",3,0,"Usually","Yes",8,"Second year",75
"Distinction","do them immediately","semester",19,"no","C: Furthest from the entrance","C: Furthest from the entrance",2,50,"With parent(s) and/or sibling(s)","I don't drink alcohol","No",155,9,25,"Casual","Tiktok","Female",8,7,1,0,3,3,"C","No","Right","DATA2002",3,10,"Always","Yes",8,"Second year",74
"Distinction","draw up a schedule and work through it in planned stages","semester",19,"yes","C: Furthest from the entrance","C: Furthest from the entrance",0,300,"Share house","I don't drink alcohol","No",163,8,10,"I don't currently work","Tiktok","Female",6,8,0,NA,7,7,"C","No","Right","DATA2002",2,0,"Always","Yes",2,"Second year",72
"High Distinction","do them immediately","semester",19,"no","A: Closest to the entrance","A: Closest to the entrance",2,150,"With parent(s) and/or sibling(s)","I don't drink alcohol","Yes",170,4,36,"Part time","Discord","Other",8,8,1,1,5,3,"A","Yes","Right","DATA2902",8,12,"Always","Yes",9,"Second year",78
"High Distinction","draw up a schedule and work through it in planned stages","semester",19,"no","C: Furthest from the entrance","B: Middle",NA,15,"With parent(s) and/or sibling(s)","I don't drink alcohol","No",182,5,6,"Casual","Youtube","Other",9,9,2,0,2,1,"Q","Yes","Left","DATA2002",10,5,"Always","Yes",7,"Second year",85
"Credit","draw up a schedule and work through it in planned stages","semester",22,"no","C: Furthest from the entrance","C: Furthest from the entrance",7,100,"With parent(s) and/or sibling(s)","Less than 5 standard drinks","Yes",177.8,4,2,"Casual","Instagram","Other",7,7,1,0,3,6,"A","No","Right","DATA2002",2,15,"Always","Yes",6,"Fifth or higher year",65
"Distinction","draw up a schedule and work through it in planned stages","semester",19,"no","C: Furthest from the entrance","C: Furthest from the entrance",2,60,"With parent(s) and/or sibling(s)","I don't drink alcohol","No",163,10,10,"I don't currently work","Twitter","Female",8,8,2,0,7,7,"Z","Yes","Right","DATA2002",5,0,"Always","Yes",6,"Second year",55
"High Distinction","draw up a schedule and work through it in planned stages","semester",23,"yes","A: Closest to the entrance","B: Middle",NA,210,"Share house","Less than 5 standard drinks","Yes",179,2,30,"I don't currently work","Instagram","Other",6,3,1,0,8,3,NA,"No","Right","DATA2002",0,0,"Always","Yes",5,"Second year",78
"Distinction","cram at the last second","semester",20,"no","C: Furthest from the entrance","B: Middle",NA,NA,"College or student accomodation","Less than 5 standard drinks","Yes",162.56,9,NA,"Casual","Tiktok","Female",7,1,1,0,5,8,"Q","Yes","Left","DATA2902",7,NA,"Always","Yes",9,"Third year",75
"Distinction","do them immediately","trimester",25,"yes","C: Furthest from the entrance","A: Closest to the entrance",2,280,"Share house","I don't drink alcohol","No",168,9,70,"Part time","Other","Female",7,9,0,5,1,1,"E","Yes","Right","DATA2002",2,60,"Sometimes","Yes",6,"Second year",75
"Credit","cram at the last second","semester",20,"no","C: Furthest from the entrance","C: Furthest from the entrance",3,60,"With parent(s) and/or sibling(s)","Between 5 and 10 standard drinks","Yes",170,9,7,"Part time","Tiktok","Female",5,1,1,0,7,3,"G","Yes","Right","DATA2002",3,25,"Always","Yes",9,"Second year",72
"High Distinction","draw up a schedule and work through it in planned stages","semester",19,"no","A: Closest to the entrance","A: Closest to the entrance",1,50,"With parent(s) and/or sibling(s)","I don't drink alcohol","Yes",155,7,6,"Part time","Tiktok","Female",6,3,0,0,3,9,"N","No","Right","DATA2902",1,10,"Usually","Yes",7,"Second year",83
"Distinction","draw up a schedule and work through it in planned stages","semester",19,"no","C: Furthest from the entrance","C: Furthest from the entrance",4,45,"With parent(s) and/or sibling(s)","I don't drink alcohol","Yes",182,3,2,"Casual","Instagram","Other",8,9,NA,0,9,9,"G","Yes","Right","DATA2902",7,9,"Always","Yes",6,"Second year",77
"High Distinction","cram at the last second","semester",19,"no","C: Furthest from the entrance","C: Furthest from the entrance",4,NA,"With parent(s) and/or sibling(s)","Less than 5 standard drinks","Yes",175,4,30,"Casual","Instagram","Other",7,2,2,0,8,2,"T","Yes","Right","DATA2902",6,16,"Usually","Yes",6,"Second year",80
"High Distinction","draw up a schedule and work through it in planned stages","semester",19,"yes","C: Furthest from the entrance","C: Furthest from the entrance",2,400,"Sharing with one roommate","Less than 5 standard drinks","Yes",165,7,25,"Casual","Youtube","Other",6,1,1,1,8,8,"E","Yes","Right","DATA2902",5,4,"Always","Yes",8,"Second year",89.4
"High Distinction","draw up a schedule and work through it in planned stages","semester",19,"no","A: Closest to the entrance","A: Closest to the entrance",2,0,"With parent(s) and/or sibling(s)","I don't drink alcohol","No",169,3,20,"I don't currently work","Instagram","Male",8,4,2,0,4,4,"X","Yes","Right","DATA2902",2,0,"Always","Yes",6,"Second year",84
"High Distinction","draw up a schedule and work through it in planned stages","semester",21,"yes","C: Furthest from the entrance","B: Middle",6,120,"College or student accomodation","I don't drink alcohol","Yes",166,5,10,"Part time","Instagram","Female",7,5,1,0,5,5,"A","Yes","Right","DATA2902",5,25,"Usually","Yes",9,"Second year",59.2
"High Distinction","draw up a schedule and work through it in planned stages","semester",20,"yes","A: Closest to the entrance","C: Furthest from the entrance",3,NA,"College or student accomodation","Between 5 and 10 standard drinks","Yes",182,7,NA,"Casual",NA,"Other",8,4,2,0,7,4,"S","Yes","Right","DATA2902",10,NA,"Always","Yes",8,"Second year",75
"Credit","draw up a schedule and work through it in planned stages","semester",23,"yes","A: Closest to the entrance","A: Closest to the entrance",0,300,"With partner","Less than 5 standard drinks","Yes",175,4,28,"I don't currently work","Instagram","Female",10,6,NA,0,6,6,"Y","Yes","Right","DATA2002",2,0,"Always","Yes",3,"Third year",60
"Credit","cram at the last second","semester",20,"yes","C: Furthest from the entrance","A: Closest to the entrance",0,300,"Share house","I don't drink alcohol","Yes",164,7,4,"Part time","Youtube","Female",5,3,1,1,4,4,"G","No","Right","DATA2002",4,30,"Usually","Yes",7,"Second year",61
"High Distinction","draw up a schedule and work through it in planned stages","semester",19,"no","C: Furthest from the entrance","C: Furthest from the entrance",2,50,"With parent(s) and/or sibling(s)","I don't drink alcohol","No",163,7,18,"Part time","Instagram","Female",8,4,1,1,8,8,"N","No","Right","DATA2902",0,26,"Always","Yes",2,"Second year",70
"Distinction","cram at the last second","semester",21,"yes","C: Furthest from the entrance","C: Furthest from the entrance",2,150,"College or student accomodation","I don't drink alcohol","Yes",162,7,15,"I don't currently work","Instagram","Female",8,4,1,0,6,6,"R","No","Right","DATA2002",0,0,"Usually","No",7,"Second year",60
"High Distinction","draw up a schedule and work through it in planned stages","semester",21,"no","B: Middle","B: Middle",0,0,"With parent(s) and/or sibling(s)","I don't drink alcohol","Yes",170,10,10,"Casual","Other","Female",8,7,2,0,6,2,"A","Yes","Left","DATA2902",7,0,"Usually","Yes",10,"Third year",84
"High Distinction","draw up a schedule and work through it in planned stages","semester",20,"no","C: Furthest from the entrance","A: Closest to the entrance",1,40,"With parent(s) and/or sibling(s)","Less than 5 standard drinks","Yes",161,10,50,"Casual","Instagram","Female",7,5,0,2,5,4,"C","Yes","Right","DATA2002",4,4,"Always","Yes",9,"Second year",75
"Distinction","cram at the last second","semester",19,"no","C: Furthest from the entrance","C: Furthest from the entrance",5,10,"With parent(s) and/or sibling(s)","I don't drink alcohol","No",176,5,4,"Part time","Other","Other",9,4,3,0,1,2,"T","Yes","Left","DATA2002",5,12,"Usually","Yes",6,"Second year",66
"High Distinction","do them immediately","semester",18,"yes","A: Closest to the entrance","A: Closest to the entrance",NA,60,"College or student accomodation","I don't drink alcohol","Yes",167,5,80,"I don't currently work","Twitter","Other",8,8,1,7,1,1,"W","No","Right","DATA2902",7,0,"Always","Yes",10,"Second year",87
"High Distinction","cram at the last second","semester",18,"yes","C: Furthest from the entrance","B: Middle",0,210,"Share house","Less than 5 standard drinks","Yes",157,6,3,"I don't currently work","Tiktok","Female",8,6,2,0,2,9,"N","Yes","Right","DATA2002",0,0,"Always","Yes",8,"Second year",76
"Distinction","draw up a schedule and work through it in planned stages","semester",21,"no","C: Furthest from the entrance","C: Furthest from the entrance",2,60,"With parent(s) and/or sibling(s)","I don't drink alcohol","Yes",157.48,6,3,"Part time","Instagram","Female",9,6,1,0,8,8,"F","Yes","Right","DATA2002",3,24,"Always","Yes",9,"Fourth year",75
"High Distinction","do them immediately","semester",19,"no","C: Furthest from the entrance","C: Furthest from the entrance",6,75,"With parent(s) and/or sibling(s)","I don't drink alcohol","Yes",170,5,15,"Casual","Other","Other",8,7,2,0,1,1,"F","Yes","Right","DATA2002",1,10,"Always","Yes",7,"Second year",85
"High Distinction","draw up a schedule and work through it in planned stages","semester",23,"yes","C: Furthest from the entrance","C: Furthest from the entrance",NA,30,"Alone","I don't drink alcohol","No",180,9,20,"I don't currently work","Wechat","Other",7,4,0,1,9,9,"X","No","Right","DATA2002",3,0,"Always","Yes",5,"Second year",80
"High Distinction","do them immediately","semester",19,"no","C: Furthest from the entrance","C: Furthest from the entrance",2,50,"With parent(s) and/or sibling(s)","Less than 5 standard drinks","Yes",172,4,5,"Self employed","Instagram","Female",7,7,1,0,3,8,"M","Yes","Right","DATA2902",3,8,"Always","Yes",7,"Second year",84
"High Distinction","draw up a schedule and work through it in planned stages","semester",19,"no","A: Closest to the entrance","A: Closest to the entrance",0,15,"With parent(s) and/or sibling(s)","I don't drink alcohol","Yes",172,4,25,"Casual","Instagram","Other",8,7,1,1,8,6,"E","Yes","Right","DATA2902",5,7,"Always","Yes",9,"Second year",75
"Distinction","cram at the last second","semester",22,"yes","C: Furthest from the entrance","C: Furthest from the entrance",0,200,"Share house","Less than 5 standard drinks","No",170,3,7,"I don't currently work","Instagram","Other",7,3,2,2,7,7,"R","Yes","Right","DATA2902",5,0,"Always","Yes",8,"Second year",70
"High Distinction","do them immediately","semester",21,"no","C: Furthest from the entrance","C: Furthest from the entrance",2,20,"With parent(s) and/or sibling(s)","I don't drink alcohol","Yes",178,5,4,"I don't currently work","Tiktok","Other",8,8,2,1,8,8,"N","Yes","Right","DATA2002",9,0,"Always","Yes",8,"Fourth year",73
"High Distinction","cram at the last second","semester",18,"no","C: Furthest from the entrance","B: Middle",NA,40,"With parent(s) and/or sibling(s)","Less than 5 standard drinks","Yes",173,3,20,"Part time","Instagram","Female",7,8,1,NA,4,8,"M","Yes","Right","DATA2902",18,20,"Usually","Yes",7,"First year",84
"High Distinction","draw up a schedule and work through it in planned stages","semester",19,"yes","C: Furthest from the entrance","B: Middle",0,20,"With partner","I don't drink alcohol","Yes",165,6,30,"I don't currently work","Tiktok","Female",8,8,2,3,6,6,"J","No","Right","DATA2902",5,0,"Always","Yes",8,"Second year",88
"Credit","draw up a schedule and work through it in planned stages","semester",22,"yes","B: Middle","B: Middle",0,400,"Alone","I don't drink alcohol","No",167,8,15,"I don't currently work","Tiktok","Female",7,5,0,NA,8,8,"V","No","Right","DATA2002",2,30,"Always","Yes",3,"Second year",60
"High Distinction","draw up a schedule and work through it in planned stages","semester",22,"yes","C: Furthest from the entrance","C: Furthest from the entrance",0,60,"Share house","Less than 5 standard drinks","No",173,5,24,"I don't currently work","Instagram","Other",7,7,0,NA,4,4,"X","Yes","Right","DATA2002",1,0,"Always","Yes",9,"Second year",50
"High Distinction","cram at the last second","semester",22,"yes","C: Furthest from the entrance","C: Furthest from the entrance",2,20,"With parent(s) and/or sibling(s)","I don't drink alcohol","Yes",179,7,12,"I don't currently work","Youtube",NA,6,3,1,0,1,7,"W","No","Right","DATA2002",1,0,"Usually","Yes",5,"Second year",72
"High Distinction","draw up a schedule and work through it in planned stages","semester",19,"yes","A: Closest to the entrance","C: Furthest from the entrance",0,200,"Alone","Less than 5 standard drinks","Yes",170,1,20,"I don't currently work","Other","Other",8,10,1,0,3,3,"X","Yes","Right","DATA2002",9,40,"Always","Yes",6,"Second year",60
"High Distinction","do them immediately","semester",19,"yes","A: Closest to the entrance","A: Closest to the entrance",0,0,"With parent(s) and/or sibling(s)","I don't drink alcohol","No",167,3,25,"I don't currently work","Youtube","Other",8,7,1,0,10,1,"T","Yes","Right","DATA2002",5,0,"Always","Yes",2,"Second year",80
"High Distinction","draw up a schedule and work through it in planned stages","semester",22,"no","C: Furthest from the entrance","C: Furthest from the entrance",5,200,"With parent(s) and/or sibling(s)","Less than 5 standard drinks","Yes",172.72,3,10,"Casual","Instagram","Other",7,7,2,0,4,2,"R","Yes","Right","DATA2002",10,25,"Usually","No",9,"Third year",75
"Distinction","cram at the last second","semester",20,"no","C: Furthest from the entrance","C: Furthest from the entrance",0,50,"With parent(s) and/or sibling(s)","I don't drink alcohol","Yes",170,8,NA,"Casual","Discord","Female",8,8,1,0,7,2,"L","Yes","Right","DATA2002",1,1.5,"Usually","Yes",5,"Second year",67
"High Distinction","cram at the last second","semester",20,"no","C: Furthest from the entrance","C: Furthest from the entrance",2,20,"With parent(s) and/or sibling(s)","Less than 5 standard drinks","No",186,6,1,"Casual","Instagram","Other",8,8,1,0,9,7,NA,"Yes","Right","DATA2002",20,1,"Always","Yes",7,"Third year",81
"High Distinction","do them immediately","semester",19,"yes","C: Furthest from the entrance","C: Furthest from the entrance",0,100,"College or student accomodation","More than 20 standard drinks","No",170,1,50,"Casual","Instagram","Other",8,8,0,1,6,1,"V","Yes","Right","DATA2002",15,20,"Always","Yes",9,"Second year",70
"Distinction","draw up a schedule and work through it in planned stages","semester",20,"yes","C: Furthest from the entrance","C: Furthest from the entrance",NA,50,"Share house","I don't drink alcohol","Yes",159,7,NA,"I don't currently work",NA,"Female",7,7,2,NA,8,6,"V","No","Right","DATA2002",NA,NA,"Always","Yes",9,"Second year",75
"Distinction","cram at the last second","semester",20,"no","C: Furthest from the entrance","C: Furthest from the entrance",3,NA,"With parent(s) and/or sibling(s)","Less than 5 standard drinks","No",175,2,NA,"Casual","Instagram","Other",6,1,1,1,9,9,"E","Yes","Left","DATA2902",4,20,"Usually","Yes",5,"Third year",75
"Distinction","draw up a schedule and work through it in planned stages","semester",19,"no","C: Furthest from the entrance","C: Furthest from the entrance",2,30,"With parent(s) and/or sibling(s)","Less than 5 standard drinks","Yes",154,6,10,"Casual","Tiktok","Female",9,7,1,0,4,8,"B","Yes","Right","DATA2002",4,13,"Always","Yes",8,"First year",87
"Fail","cram at the last second","trimester",20,"yes","C: Furthest from the entrance","B: Middle",10,250,"With parent(s) and/or sibling(s)","I don't drink alcohol","No",152.4,10,5,"I don't currently work","Other","Other",9,10,NA,1,1,1,"K","No","Ambidextrous","DATA2002",11,40,"Never","Yes",4,"Third year",52
"High Distinction","cram at the last second","semester",20,"no","C: Furthest from the entrance","B: Middle",4,150,"With parent(s) and/or sibling(s)","Less than 5 standard drinks","No",NA,7,46,"Casual","Youtube","Other",7,3,0,0,4,9,"Y","Yes","Right","DATA2902",0,5,"Usually","Yes",7,"Third year",89
"High Distinction","draw up a schedule and work through it in planned stages","semester",20,"yes","B: Middle","B: Middle",3,150,"Share house","Less than 5 standard drinks","Yes",180,2,20,"I don't currently work","Wechat","Other",8,7,0,NA,7,7,"X","No","Right","DATA2002",5,NA,"Always","Yes",8,"Second year",75
"High Distinction","draw up a schedule and work through it in planned stages","semester",20,"yes","A: Closest to the entrance","C: Furthest from the entrance",2,40,"College or student accomodation","I don't drink alcohol","Yes",170,7,20,"I don't currently work","Twitter","Other",7,2,1,0,1,3,"S","No","Right","DATA2002",4,0,"Usually","Yes",8,"Second year",86
"High Distinction","do them immediately","trimester",19,"yes","C: Furthest from the entrance","C: Furthest from the entrance",3,350,"Alone","I don't drink alcohol","Yes",177,10,65,"Casual","Other",NA,7,3,1,2,2,8,"E","Yes","Right","DATA2002",5,6,"Always","Yes",8,"First year",91.25
"High Distinction","draw up a schedule and work through it in planned stages","semester",20,"no","C: Furthest from the entrance","A: Closest to the entrance",3,50,"With parent(s) and/or sibling(s)","I don't drink alcohol","Yes",178,4,5,"I don't currently work","Twitter","Other",8,10,0,0,7,7,"J","Yes","Right","DATA2002",5,0,"Always","No",8,"Second year",78
"Distinction","cram at the last second","semester",20,"no","B: Middle","B: Middle",0,700,"With parent(s) and/or sibling(s)","Less than 5 standard drinks","Yes",170,4,13,"I don't currently work","Instagram","Other",9,8,3,1,4,7,"L","Yes","Right","DATA2002",3,0,"Always","Yes",7,"Second year",75
"Fail","cram at the last second","semester",20,"no","B: Middle","C: Furthest from the entrance",5,10,"With parent(s) and/or sibling(s)","Less than 5 standard drinks","No",175,8,6,"I don't currently work","Instagram","Other",7,3,1,2,7,7,"D","Yes","Right","DATA2002",8,0,"Usually","No",8,"Third year",75
"High Distinction","cram at the last second","semester",20,"yes","C: Furthest from the entrance","C: Furthest from the entrance",NA,130,"Share house","I don't drink alcohol","Yes",163,8,18,"I don't currently work","Wechat","Female",8,6,1,2,7,7,"A","No","Right","DATA2002",7,NA,"Always","Yes",6,"Second year",84
"High Distinction","draw up a schedule and work through it in planned stages",NA,22,"yes","C: Furthest from the entrance","C: Furthest from the entrance",2,500,"Alone","Less than 5 standard drinks","Yes",152.4,5,55,"I don't currently work","Instagram",NA,6,5,0,1,1,9,"A","Yes","Right","DATA2902",10,0,"Usually","Yes",6,"Third year",82
"High Distinction","draw up a schedule and work through it in planned stages","semester",19,"yes","C: Furthest from the entrance","A: Closest to the entrance",1,50,"With parent(s) and/or sibling(s)","Less than 5 standard drinks","Yes",165,10,25,"I don't currently work","Instagram","Female",6,6,0,0,4,2,"A","Yes","Right","DATA2002",3,0,"Usually","Yes",10,"Second year",82
"Distinction","draw up a schedule and work through it in planned stages","trimester",19,"yes","B: Middle","B: Middle",0,500,"Share house","I don't drink alcohol","Yes",176,7,31,"I don't currently work","Wechat","Other",8,7,1,NA,9,7,"A","Yes","Right","DATA2002",5,NA,"Always","Yes",8,"Second year",75
"High Distinction","cram at the last second","semester",19,"yes","C: Furthest from the entrance","B: Middle",4,100,"College or student accomodation","Less than 5 standard drinks","Yes",182,5,10,"I don't currently work","Instagram","Other",8,4,0,0,8,8,"T","No","Right","DATA2002",8,0,"Usually","Yes",10,"Second year",68
"High Distinction","do them immediately","semester",20,"yes","C: Furthest from the entrance","C: Furthest from the entrance",2,150,"College or student accomodation","I don't drink alcohol","Yes",174,7,40,"Part time","Other","Female",8,4,1,1,1,1,"A","Yes","Right","DATA2002",4,2,"Always","No",8,"Second year",67
"Distinction","draw up a schedule and work through it in planned stages","semester",20,"yes","C: Furthest from the entrance","C: Furthest from the entrance",2,100,"With parent(s) and/or sibling(s)","Between 5 and 10 standard drinks","Yes",152.4,6,15,"Casual","Instagram","Female",7,8,1,0,1,1,"A","Yes","Left","DATA2002",0,10,"Always","Yes",10,"Second year",70
"Distinction","draw up a schedule and work through it in planned stages","semester",22,"no","C: Furthest from the entrance","C: Furthest from the entrance",5,50,"With parent(s) and/or sibling(s)","Less than 5 standard drinks","Yes",188,4,10,"Casual","Youtube","Other",7,5,1,0,6,6,"V","Yes","Right","DATA2002",10,20,"Always","Yes",8,"Third year",65
"High Distinction","cram at the last second","semester",22,"yes","C: Furthest from the entrance","C: Furthest from the entrance",NA,200,"College or student accomodation","Less than 5 standard drinks",NA,172,5,35,"I don't currently work",NA,"Other",5,6,0,0,8,6,"Z","Yes","Left","DATA2002",2,0,"Usually","Yes",7,"Third year",80.4
"Distinction","draw up a schedule and work through it in planned stages","semester",18,"yes","B: Middle","B: Middle",2,100,"Alone","Less than 5 standard drinks","No",155,10,24,"I don't currently work","Youtube","Female",7,7,0,1,3,7,"ITALICIZED","No","Right","DATA2002",1,0,"Always","Yes",8,"First year",78.3
"Distinction","draw up a schedule and work through it in planned stages",NA,22,"yes","C: Furthest from the entrance","C: Furthest from the entrance",10,300,"College or student accomodation","Between 15 and 20 standard drinks","Yes",194,1,30,"I don't currently work","Instagram","Other",8,10,2,5,9,4,"J","Yes","Right","DATA2002",6,0,"Always","No",7,"Third year",90
"Distinction","do them immediately","semester",19,"no","C: Furthest from the entrance","C: Furthest from the entrance",2,100,"With parent(s) and/or sibling(s)","Less than 5 standard drinks","Yes",183,7,10,"Casual","Other","Other",7,8,1,3,7,3,"E","Yes","Right","DATA2002",3,12,"Usually","Yes",7,"Second year",74
"High Distinction","draw up a schedule and work through it in planned stages","trimester",32,"no","A: Closest to the entrance","A: Closest to the entrance",6,500,"With partner","Less than 5 standard drinks","No",182,5,20,"Full time","Youtube","Other",7,5,2,2,10,7,"M","Yes","Right","DATA2902",4,35,"Always","Yes",9,"Fifth or higher year",80
"High Distinction","draw up a schedule and work through it in planned stages","semester",22,"no","C: Furthest from the entrance","C: Furthest from the entrance",2,60,"With parent(s) and/or sibling(s)","I don't drink alcohol","Yes",177,3,6,"Casual","Other","Other",8,7,1,1,9,6,"Y","Yes","Left","DATA2902",8,7,"Always","Yes",6,"Fourth year",75
"Distinction","cram at the last second","semester",20,"no","A: Closest to the entrance","C: Furthest from the entrance",3,NA,"With parent(s) and/or sibling(s)","More than 20 standard drinks","Yes",178,1,1,"I don't currently work","Youtube","Other",7,8,1,0,2,7,"L","Yes","Right","DATA2002",3,0,"Usually","Yes",6,"Second year",70
"Distinction","do them immediately","semester",19,"no","A: Closest to the entrance","A: Closest to the entrance",3,80,"With parent(s) and/or sibling(s)","Less than 5 standard drinks","Yes",183,7,15,"Casual","Instagram","Other",6,1,5,2,5,8,"Y","Yes","Right","DATA2902",0,4,"Always","Yes",6,"Second year",79
"High Distinction","do them immediately","semester",20,"no","C: Furthest from the entrance","A: Closest to the entrance",2,40,"With parent(s) and/or sibling(s)","Less than 5 standard drinks","No",175,6,20,"Casual","Other","Other",8,3,1,0,10,10,"S","Yes","Right","DATA2902",3,15,"Always","Yes",10,"Second year",81
"High Distinction","do them immediately","semester",19,"no","B: Middle","C: Furthest from the entrance",0,30,"With parent(s) and/or sibling(s)","I don't drink alcohol","No",149,9,15,"Self employed","Tiktok","Female",6,6,1,1,8,4,"L","Yes","Right","DATA2002",3,0,"Always","Yes",5,"Second year",78
"High Distinction","draw up a schedule and work through it in planned stages","semester",19,"yes","A: Closest to the entrance","A: Closest to the entrance",2,NA,NA,"I don't drink alcohol","Yes",170,NA,NA,"I don't currently work","Other","Other",8,8,1,0,8,2,"B","No","Right","DATA2002",NA,NA,"Usually","Yes",NA,"Second year",75
"High Distinction","do them immediately","semester",19,"yes","C: Furthest from the entrance","C: Furthest from the entrance",0,100,"Alone","I don't drink alcohol","Yes",175,8,7,"I don't currently work","Instagram","Female",7,7,0,4,6,6,"S","No","Right","DATA2002",3,0,"Always","Yes",8,"First year",82
"High Distinction","do them immediately","semester",19,"yes","B: Middle","B: Middle",0,200,"Alone","I don't drink alcohol","Yes",177,5,20,"I don't currently work","Instagram","Other",8,8,2,3,6,6,"K","Yes","Right","DATA2002",10,0,"Always","Yes",5,"Second year",90
"High Distinction","draw up a schedule and work through it in planned stages","semester",20,"no","C: Furthest from the entrance","C: Furthest from the entrance",7,50,"With parent(s) and/or sibling(s)","Less than 5 standard drinks","Yes",182,4,3,"Casual","Instagram","Other",7,7,3,0,6,4,"M","Yes","Right","DATA2002",15,20,"Always","Yes",8,"Second year",80
"Credit","cram at the last second","semester",19,"yes","A: Closest to the entrance","A: Closest to the entrance",0,200,"College or student accomodation","I don't drink alcohol","No",170,7,20,"I don't currently work","Other","Female",7,5,3,2,5,3,NA,"No","Right","DATA2002",5,0,"Always","No",6,"Second year",70
"Fail","do them immediately","semester",19,"no","C: Furthest from the entrance","B: Middle",10,50,"With parent(s) and/or sibling(s)","I don't drink alcohol","No",180,6,30,"Self employed","Instagram","Other",8,7,1,0,6,5,"Y","Yes","Right","DATA2002",6,5,"Always","Yes",7,"Second year",77
"High Distinction","draw up a schedule and work through it in planned stages","semester",19,"no","C: Furthest from the entrance","C: Furthest from the entrance",4,70,"With parent(s) and/or sibling(s)","Less than 5 standard drinks","No",171,2,12,"Casual","Instagram","Other",9,9,1,0,1,5,"C","Yes","Right","DATA2902",3,8,"Always","Yes",9,"Second year",89.7
"Distinction","draw up a schedule and work through it in planned stages","semester",21,"yes","C: Furthest from the entrance","C: Furthest from the entrance",0,300,"Share house","I don't drink alcohol","No",173,1,30,"Casual","Tiktok","Other",8,4,2,1,4,6,"U","Yes","Right","DATA2002",14,20,"Always","Yes",8,"Fourth year",75
"High Distinction","draw up a schedule and work through it in planned stages","semester",20,"yes","A: Closest to the entrance","A: Closest to the entrance",0,80,"With partner","I don't drink alcohol","Yes",166,4,5,"Part time","Instagram","Female",9,8,1,NA,1,1,"L","Yes","Right","DATA2002",5,10,"Always","Yes",7,"Second year",85
"High Distinction","draw up a schedule and work through it in planned stages","semester",20,"no","C: Furthest from the entrance","A: Closest to the entrance",2,80,"College or student accomodation","Between 15 and 20 standard drinks","Yes",170,5,20,"Casual","Tiktok","Female",8,6,2,0,5,10,"K","Yes","Left","DATA2902",5,20,"Always","Yes",7,"Second year",80
"High Distinction","draw up a schedule and work through it in planned stages","semester",19,"yes","A: Closest to the entrance","A: Closest to the entrance",1,100,"With partner","Less than 5 standard drinks","Yes",175,4,5,"I don't currently work","Instagram","Female",5,3,1,0,5,5,"D","Yes","Left","DATA2902",2,0,"Always","Yes",8,"Second year",75
"Credit","cram at the last second","semester",21,"no","C: Furthest from the entrance","C: Furthest from the entrance",2,100,"With parent(s) and/or sibling(s)","I don't drink alcohol","No",185,2,2,"Contractor","Other","Other",7,6,2,1,2,7,"J","Yes","Right","DATA2902",1,9,"Always","Yes",8,"Fourth year",75
"Distinction","draw up a schedule and work through it in planned stages","semester",20,"yes","A: Closest to the entrance","B: Middle",1,100,"Share house","I don't drink alcohol","No",168,5,25,"I don't currently work","Instagram","Female",7,5,0,3,3,3,"A","Yes","Right","DATA2002",2,0,"Always","Yes",8,"Second year",60
"High Distinction","draw up a schedule and work through it in planned stages","semester",20,"yes","C: Furthest from the entrance","C: Furthest from the entrance",0,70,"Share house","Less than 5 standard drinks","Yes",165,5,35,"Casual","Instagram","Female",9,9,0,1,2,2,"H","Yes","Right","DATA2902",6,15,"Always","Yes",9,"Second year",84.1
"High Distinction","cram at the last second","semester",21,"no","A: Closest to the entrance","A: Closest to the entrance",2,100,"With partner","Less than 5 standard drinks","Yes",169,5,10,"Part time","Tiktok","Other",6,4,0,1,6,6,"F","Yes","Right","DATA2902",2,20,"Usually","Yes",8,"Fourth year",86
"High Distinction","draw up a schedule and work through it in planned stages","trimester",19,"yes","C: Furthest from the entrance","B: Middle",11,100,"Share house","I don't drink alcohol","No",167,1,0,"Casual","Instagram","Other",8,8,2,0,1,7,"D","Yes","Right","DATA2002",0,12,"Always","Yes",9,"Third year",100
"Credit","draw up a schedule and work through it in planned stages","semester",21,"no","C: Furthest from the entrance","C: Furthest from the entrance",0,150,"With parent(s) and/or sibling(s)","Between 10 and 15 standard drinks","Yes",152.4,6,10,"Self employed","Instagram","Female",8,5,1,0,5,5,"L","Yes","Right","DATA2002",3,10,"Always","Yes",7,"Fourth year",80
"High Distinction","draw up a schedule and work through it in planned stages","semester",22,"yes","C: Furthest from the entrance","B: Middle",0,200,"College or student accomodation","Less than 5 standard drinks","No",174,10,30,"Part time","Instagram","Other",7,2,1,2,7,7,"J","Yes","Right","DATA2002",5,12,"Always","Yes",8,"Second year",87.3
"Distinction","cram at the last second","semester",20,"no","C: Furthest from the entrance","A: Closest to the entrance",3,250,"With parent(s) and/or sibling(s)","Between 10 and 15 standard drinks","No",165,3,5,"I don't currently work","Instagram","Female",7,9,1,0,4,4,"E","Yes","Left","DATA2002",4,3,"Always","Yes",8,"Second year",80
"Distinction","cram at the last second","semester",20,"no","C: Furthest from the entrance","C: Furthest from the entrance",3,280,"With parent(s) and/or sibling(s)","Less than 5 standard drinks","Yes",186,7,8,"Casual","Discord","Other",7,1,0,0,6,3,"A","Yes","Right","DATA2002",0,4,"Usually","Yes",8,"Third year",65
"Fail","cram at the last second",NA,22,"yes","B: Middle","C: Furthest from the entrance",5,150,"Share house","I don't drink alcohol","No",188,1,4,"Casual","Instagram","Other",8,10,2,1,3,3,"X","Yes","Right","DATA2002",15,25,"Never","Yes",5,"Third year",65
"Distinction","cram at the last second","semester",22,"yes","B: Middle","C: Furthest from the entrance",2,80,"Share house","Between 10 and 15 standard drinks","Yes",177,7,8,"I don't currently work","Youtube","Other",5,3,0,0,6,7,"Z","No","Right","DATA2002",8,0,"Usually","Yes",6,"Third year",58
"Distinction","cram at the last second","semester",20,"no","C: Furthest from the entrance","C: Furthest from the entrance",8,30,"With parent(s) and/or sibling(s)","Less than 5 standard drinks","No",157,8,15,"Casual","Instagram","Female",8,5,3,1,6,6,"A","No","Right","DATA2002",3,15,"Sometimes","Yes",9,"Second year",65
"High Distinction","do them immediately","semester",25,"no","C: Furthest from the entrance","C: Furthest from the entrance",0,300,"With parent(s) and/or sibling(s)","Between 5 and 10 standard drinks","No",152.4,10,10,"Full time","Tiktok","Female",10,10,1,0,1,3,"C","Yes","Right","DATA2002",1,40,"Always","Yes",10,"Fifth or higher year",92.5
"Distinction","draw up a schedule and work through it in planned stages","trimester",20,"no","A: Closest to the entrance","B: Middle",1,140,"College or student accomodation","I don't drink alcohol","Yes",185,4,24,"I don't currently work","Other","Other",7,4,2,1,9,9,"O","Yes","Right","DATA2002",7,0,"Always","Yes",4,"Second year",75
"Credit","draw up a schedule and work through it in planned stages","semester",23,"yes","B: Middle","C: Furthest from the entrance",0,NA,"Share house","Less than 5 standard drinks","Yes",175,2,10,"I don't currently work","Wechat","Other",8,8,1,0,7,9,"S","Yes","Right","DATA2002",8,0,"Always","No",5,"Second year",75
"High Distinction","draw up a schedule and work through it in planned stages","semester",21,"yes","C: Furthest from the entrance","C: Furthest from the entrance",0,100,"Share house","Less than 5 standard drinks","Yes",NA,6,25,"Part time","Tiktok","Other",7,8,0,13,8,8,"S","No","Right","DATA2002",14,28,"Always","Yes",8,"Second year",79
"High Distinction","cram at the last second","semester",19,"no","B: Middle","B: Middle",3,20,"With parent(s) and/or sibling(s)","I don't drink alcohol","Yes",180,5,5,"I don't currently work","Youtube","Other",10,3,6,0,3,7,"M","Yes","Ambidextrous","DATA2002",0,0,"Usually","Yes",6,"Second year",60
"Pass","cram at the last second","semester",20,"no","C: Furthest from the entrance","C: Furthest from the entrance",NA,300,"Alone","Less than 5 standard drinks","Yes",NA,3,7,"I don't currently work",NA,"Other",8,NA,0,0,6,3,"S","No","Right","DATA2002",7,NA,"Always","Yes",NA,"Second year",75
"Distinction","cram at the last second","semester",20,"no","B: Middle","C: Furthest from the entrance",3,200,"With parent(s) and/or sibling(s)","I don't drink alcohol","Yes",166,7,NA,"I don't currently work",NA,"Other",8,1,0,1,9,5,"M","Yes","Right","DATA2002",0,0,"Sometimes","Yes",1,"Second year",75
"Distinction","draw up a schedule and work through it in planned stages","semester",20,"yes","C: Furthest from the entrance","C: Furthest from the entrance",2,200,"With partner","I don't drink alcohol","Yes",188,7,48,"I don't currently work","Wechat","Other",8,7,NA,0,6,6,"C","No","Right","DATA2002",5,0,"Always","Yes",7,"Second year",73
"High Distinction","cram at the last second","semester",19,"yes","B: Middle","A: Closest to the entrance",0,187.45,"Alone","Less than 5 standard drinks","Yes",185,3,50,"I don't currently work","Other","Other",8,5,0,0,6,5,"W","No","Ambidextrous","DATA2002",10,40,"Always","Yes",6,"Second year",83
"Distinction","do them immediately","semester",22,"yes","C: Furthest from the entrance","C: Furthest from the entrance",1,40,"With partner","I don't drink alcohol","Yes",181,1,5,"Full time","Instagram","Other",9,7,0,4,6,6,"C","Yes","Right","DATA2002",1,2,"Always","Yes",1,"Second year",75
"High Distinction","cram at the last second","semester",20,"no","A: Closest to the entrance","C: Furthest from the entrance",5,40,"With parent(s) and/or sibling(s)","Between 5 and 10 standard drinks","Yes",181,7,20,"Casual","Youtube","Other",9,5,1,0,5,8,"Y","Yes","Right","DATA2002",15,20,"Usually","Yes",7,"Second year",75
"High Distinction","draw up a schedule and work through it in planned stages","semester",21,"yes","A: Closest to the entrance","A: Closest to the entrance",0,400,"With partner","Less than 5 standard drinks","Yes",168,9,15,"Casual","Instagram","Female",7,7,1,NA,5,5,"A","No","Right","DATA2002",2,10,"Always","No",9,"Second year",82
"Credit","draw up a schedule and work through it in planned stages","semester",20,"yes","C: Furthest from the entrance","B: Middle",NA,200,"Share house","I don't drink alcohol","Yes",175,5,32,"Casual","Wechat","Other",8,7,2,0,2,10,"A","Yes","Right","DATA2002",4,3,"Always","Yes",8,"Second year",83
"High Distinction","do them immediately","semester",20,"yes","C: Furthest from the entrance","C: Furthest from the entrance",2,200,"2 friends","I don't drink alcohol","No",180,8,30,"I don't currently work","Wechat","Other",8,7,1,4,9,5,"Y","No","Right","DATA2002",14,0,"Always","Yes",6,"Second year",75
"High Distinction","draw up a schedule and work through it in planned stages","semester",22,"yes","C: Furthest from the entrance","B: Middle",0,210,"Alone","Less than 5 standard drinks","Yes",178,10,50,"I don't currently work",NA,"Other",9,5,5,NA,9,6,"A","No","Ambidextrous","DATA2002",3,0,"Always","Yes",9,"Second year",75
"Distinction","cram at the last second","semester",22,"yes","C: Furthest from the entrance","C: Furthest from the entrance",3,200,"Alone","Between 5 and 10 standard drinks","No",180,7,15,"Casual","Instagram","Other",8,3,1,0,5,7,"X","Yes","Left","DATA2002",4,24,"Usually","Yes",3,"Third year",80
"Distinction","do them immediately","semester",21,"yes","C: Furthest from the entrance","C: Furthest from the entrance",0,300,"With partner","I don't drink alcohol","Yes",175,3,12,"I don't currently work","Wechat","Other",10,9,0,1,6,6,"A","No","Ambidextrous","DATA2002",1,0,"Always","Yes",6,"Second year",65
"Distinction","cram at the last second","semester",20,"yes","C: Furthest from the entrance","B: Middle",0,360,"Share house","I don't drink alcohol","Yes",165,8,12,"I don't currently work","Wechat","Female",6,1,1,0,7,7,"D","No","Right","DATA2002",1,0,"Usually","Yes",4,"Second year",65
"High Distinction","do them immediately","semester",19,"yes","C: Furthest from the entrance","A: Closest to the entrance",0,50,"With parent(s) and/or sibling(s)","I don't drink alcohol","Yes",175,5,12,"I don't currently work","Other","Other",4,2,1,0,7,6,"O","No","Right","DATA2002",0,0,"Usually","Yes",5,"Second year",70
"Distinction","draw up a schedule and work through it in planned stages","semester",20,"yes","C: Furthest from the entrance","C: Furthest from the entrance",0,500,"With partner","Less than 5 standard drinks","Yes",170,6,35,"I don't currently work","Tiktok","Female",10,4,0,1,9,10,"A","No","Right","DATA2002",2,0,"Always","Yes",9,"Second year",72
"High Distinction","draw up a schedule and work through it in planned stages","semester",19,"yes","A: Closest to the entrance","A: Closest to the entrance",1,150,"Share house","Less than 5 standard drinks","No",175,2,42,"I don't currently work","Other","Other",7,8,1,0,5,9,"L","No","Right","DATA2002",7,5,"Always","Yes",8,"Second year",82
"High Distinction","do them immediately","semester",19,"yes","C: Furthest from the entrance","C: Furthest from the entrance",0,10,"Alone","I don't drink alcohol","No",192,5,20,"I don't currently work","Other","Other",7,9,1,0,7,7,"A","Yes","Right","DATA2002",0,0,"Usually","Yes",5,"Second year",64
"High Distinction","do them immediately","semester",19,"yes","C: Furthest from the entrance","C: Furthest from the entrance",0,NA,"With partner","I don't drink alcohol","No",188,10,40,"I don't currently work","Other","Other",8,NA,0,3,10,6,"A","Yes","Right","DATA2002",1,0,"Always","Yes",8,"First year",61
"Pass","cram at the last second","semester",18,"yes","C: Furthest from the entrance","C: Furthest from the entrance",NA,80,"With partner","I don't drink alcohol","Yes",NA,6,NA,"I don't currently work","Wechat","Other",12,8,2,1,3,5,"C","No","Right","DATA2002",NA,NA,"Always","No",5,"First year",75
"Distinction","draw up a schedule and work through it in planned stages","semester",19,"yes","C: Furthest from the entrance","C: Furthest from the entrance",1,10,"College or student accomodation","Less than 5 standard drinks","Yes",178,6,7,"I don't currently work","Wechat","Other",7,5,1,2,1,1,"T","No","Right","DATA2002",5,0,"Always","Yes",6,"Second year",70
"Credit","cram at the last second","semester",19,"yes","C: Furthest from the entrance","B: Middle",0,800,"With parent(s) and/or sibling(s)","Less than 5 standard drinks","Yes",175,8,25,"I don't currently work","Tiktok","Female",12,6,1,0,5,5,"Y","Yes","Right","DATA2002",7,0,"Always","Yes",8,"Second year",75
"High Distinction","draw up a schedule and work through it in planned stages","semester",22,"no","A: Closest to the entrance","B: Middle",100,20,"With parent(s) and/or sibling(s)","I don't drink alcohol","Yes",173,5,40,"I don't currently work","Instagram","Other",7,6,0,0,4,4,"J","Yes","Right","DATA2002",900,0,"Always","Yes",10,"Fourth year",78.5
"Distinction","draw up a schedule and work through it in planned stages","semester",20,"yes","C: Furthest from the entrance","C: Furthest from the entrance",0,100,"Share house","Less than 5 standard drinks","No",180,6,55,"I don't currently work","Twitter","Other",7,8,0,5,10,8,"L","No","Right","DATA2002",30,0,"Always","Yes",9,"Second year",75
"High Distinction","cram at the last second","semester",19,"yes","C: Furthest from the entrance","C: Furthest from the entrance",0,200,"With partner","I don't drink alcohol","Yes",175,7,20,"I don't currently work","Wechat",NA,7,3,NA,1,6,6,"A","Yes","Right","DATA2002",3,0,"Always","Yes",7,"Second year",75
"Credit","draw up a schedule and work through it in planned stages","semester",20,"yes","C: Furthest from the entrance","C: Furthest from the entrance",0,200,"Alone","I don't drink alcohol","Yes",183,5,70,"Full time","Twitter","Other",8,5,2,0,7,7,"A","Yes","Right","DATA2002",5,50,"Always","Yes",5,"Second year",63
"High Distinction","cram at the last second","semester",20,"no","A: Closest to the entrance","A: Closest to the entrance",0,100,"With parent(s) and/or sibling(s)","Less than 5 standard drinks","Yes",182.88,4,4,"Full time","Other","Other",6,1,3,0,7,7,"S","Yes","Left","DATA2002",10,6.75,"Always","No",10,"Third year",80
"Pass","do them immediately","semester",20,"yes","C: Furthest from the entrance","C: Furthest from the entrance",0,200,"With partner","I don't drink alcohol","Yes",170,9,14,"I don't currently work","Other","Other",8,2,1,0,6,6,"A","Yes","Right","DATA2002",1,0,"Always","Yes",2,"Second year",75
"High Distinction","draw up a schedule and work through it in planned stages","semester",19,"yes","C: Furthest from the entrance","B: Middle",1,500,"Alone","Between 5 and 10 standard drinks","Yes",168,2,6,"I don't currently work","Tiktok","Female",9,7,0,4,2,2,"D","Yes","Right","DATA2002",2,0,"Always","Yes",7,"Second year",75
"Distinction","draw up a schedule and work through it in planned stages","semester",21,"yes","C: Furthest from the entrance","C: Furthest from the entrance",0,150,"Share house","Less than 5 standard drinks","Yes",187,6,30,"I don't currently work","Twitter","Other",8,8,0,NA,7,7,"J","Yes","Right","DATA2002",5,NA,"Usually","Yes",7,"Third year",70
"High Distinction","draw up a schedule and work through it in planned stages","semester",18,"yes","C: Furthest from the entrance","C: Furthest from the entrance",0,70,"College or student accomodation","I don't drink alcohol","Yes",152.4,9,20,"Casual","Instagram",NA,8,4,1,0,2,2,"P","No","Right","DATA2002",2,19,"Always","No",8,"Second year",79
"Distinction","draw up a schedule and work through it in planned stages","semester",19,"no","C: Furthest from the entrance","C: Furthest from the entrance",1,10,"College or student accomodation","Less than 5 standard drinks","Yes",178,5,10,"I don't currently work","Wechat","Other",7,5,1,2,5,4,"T","No","Right","DATA2002",7,0,"Usually","Yes",6,"Second year",70
"Credit","draw up a schedule and work through it in planned stages","semester",20,"yes","C: Furthest from the entrance","C: Furthest from the entrance",0,200,"With partner","Less than 5 standard drinks","Yes",162,3,5,"Casual","Other","Female",10,9,1,0,7,7,"C","Yes","Right","DATA2002",10,11,"Always","Yes",7,"Second year",66
"High Distinction","cram at the last second","semester",19,"yes","C: Furthest from the entrance","B: Middle",0,50,"Share house","I don't drink alcohol","Yes",176,6,15,"I don't currently work","Other","Other",9,3,0,0,2,2,"K","No","Right","DATA2002",8,0,"Usually","Yes",8,"Second year",66
"High Distinction","draw up a schedule and work through it in planned stages","semester",19,"yes","C: Furthest from the entrance","B: Middle",0,150,"Alone","I don't drink alcohol","Yes",174,7,45,"Full time",NA,"Other",9,7,4,1,7,7,NA,"Yes","Right","DATA2002",1,0,"Always","No",4,"Second year",90
"High Distinction","cram at the last second","semester",19,"yes","B: Middle","B: Middle",2,210,"College or student accomodation","I don't drink alcohol","Yes",165,4,45,"I don't currently work","Wechat","Female",8,3,3,0,8,9,"S","Yes","Right","DATA2002",2,0,"Always","Yes",2,"First year",84.5
"Credit","cram at the last second","trimester",20,"yes","B: Middle","B: Middle",0,300,"Alone","I don't drink alcohol","Yes",175,1,12,"Casual","Tiktok","Other",9,5,1,0,7,7,"A","No","Right","DATA2002",2,0,"Usually","Yes",6,"First year",75
"High Distinction","do them immediately","semester",21,"yes","C: Furthest from the entrance","C: Furthest from the entrance",0,1000,"Share house","I don't drink alcohol","Yes",NA,10,50,"I don't currently work","Wechat","Other",7,10,0,0,10,10,"HD","Yes","Right","DATA2002",0,0,"Always","Yes",5,"Second year",72
"High Distinction","draw up a schedule and work through it in planned stages","semester",21,"yes","C: Furthest from the entrance","C: Furthest from the entrance",3,200,"Share house","Less than 5 standard drinks","No",169,3,24,"Casual","Instagram","Female",8,10,2,0,6,6,"M","Yes","Right","DATA2002",3,22.5,"Always","Yes",10,"Second year",78
"Distinction","draw up a schedule and work through it in planned stages","semester",20,"yes","C: Furthest from the entrance","C: Furthest from the entrance",1,400,"College or student accomodation","I don't drink alcohol","Yes",183,8,30,"I don't currently work","Wechat","Other",8,4,1,2,8,6,"A","Yes","Right","DATA2002",4,0,"Always","Yes",7,"Second year",63
"High Distinction","draw up a schedule and work through it in planned stages","semester",19,"yes","C: Furthest from the entrance","C: Furthest from the entrance",0,500,"Alone","Less than 5 standard drinks","Yes",166,3,55,"I don't currently work","Wechat","Female",8,7,0,2,6,2,"S","No","Right","DATA2002",30,0,"Always","Yes",6,"Second year",67.13
"High Distinction","do them immediately","semester",19,"yes","C: Furthest from the entrance","B: Middle",0,200,"Alone","I don't drink alcohol","Yes",165,9,45,"I don't currently work","Instagram","Female",5,2,0,0,7,3,"D","No","Right","DATA2002",10,NA,"Usually","Yes",8,"Second year",73.8
"High Distinction","do them immediately","semester",19,"no","C: Furthest from the entrance","C: Furthest from the entrance",2,20,"With parent(s) and/or sibling(s)","Less than 5 standard drinks","No",167,6,20,"Casual","Youtube","Other",8,3,0,0,1,7,"C","Yes","Right","DATA2902",6,12,"Always","Yes",9,"Second year",85
"High Distinction","draw up a schedule and work through it in planned stages","semester",21,"no","B: Middle","C: Furthest from the entrance",0,250,"Share house","Less than 5 standard drinks","Yes",178,3,24,"Full time","Wechat","Other",4,1,1,0,8,8,"S","Yes","Right","DATA2002",4,0,"Always","No",5,"Second year",75
"Distinction","do them immediately","semester",21,"yes","B: Middle","B: Middle",5,250,"Share house","I don't drink alcohol","Yes",175,10,55,"I don't currently work","Other","Other",6,3,2,1,3,7,"Z","No","Right","DATA2002",4,0,"Usually","Yes",8,"Second year",70
"Distinction","cram at the last second","semester",21,"yes","C: Furthest from the entrance","C: Furthest from the entrance",0,20,"With partner","Less than 5 standard drinks","Yes",188,2,28,"Self employed","Tiktok","Other",6,10,4,0,6,10,"D","Yes","Right","DATA2002",2,0,"Always","Yes",5,"Second year",60
"Credit","cram at the last second","semester",20,"yes","C: Furthest from the entrance","C: Furthest from the entrance",1,280,"Share house","I don't drink alcohol","Yes",190,7,18,"I don't currently work","Other","Other",6,6,0,0,5,5,"A","Yes","Right","DATA2002",1,0,"Usually","Yes",5,"Second year",60
"Distinction","cram at the last second","semester",20,"no","C: Furthest from the entrance","A: Closest to the entrance",2,100,"With parent(s) and/or sibling(s)","Less than 5 standard drinks","Yes",168,5,15,"Casual","Twitter","Female",7,8,0,3,9,9,"P","Yes","Right","DATA2002",2,12,"Always","No",8,"Third year",76.6
"High Distinction","do them immediately","semester",19,"no","C: Furthest from the entrance","C: Furthest from the entrance",3,40,"With parent(s) and/or sibling(s)","I don't drink alcohol","Yes",180.5,4,25,"Part time","Other","Other",7,7,1,0,3,9,"M","Yes","Right","DATA2902",12,5,"Always","Yes",10,"Second year",87.5
"High Distinction","draw up a schedule and work through it in planned stages","semester",19,"yes","C: Furthest from the entrance","C: Furthest from the entrance",0,150,"College or student accomodation","I don't drink alcohol","Yes",161,7,60,"I don't currently work","Instagram","Female",8,5,0,1,6,9,"E","No","Right","DATA2002",7,0,"Always","Yes",8,"First year",79
"High Distinction","do them immediately","semester",19,"yes","C: Furthest from the entrance","C: Furthest from the entrance",0,100,"College or student accomodation","Between 5 and 10 standard drinks","Yes",152.4,6,40,"I don't currently work","Instagram","Other",8,7,1,0,5,9,"P","Yes","Right","DATA2902",2,0,"Always","Yes",9,"Second year",70.1
"High Distinction","draw up a schedule and work through it in planned stages","semester",23,"no","C: Furthest from the entrance","B: Middle",3,NA,"With partner","Less than 5 standard drinks","No",151,8,30,"Casual","Other","Female",9,4,1,0,3,8,"F","Yes","Right","DATA2002",6,5,"Always","Yes",4,"Fourth year",84
"High Distinction","draw up a schedule and work through it in planned stages","semester",20,"yes","C: Furthest from the entrance","C: Furthest from the entrance",2,100,"Alone","Less than 5 standard drinks","Yes",155,8,10,"Casual","Other","Female",5,4,1,0,2,8,"Z","No","Right","DATA2002",5,16,"Usually","Yes",3,"Second year",75
"High Distinction","cram at the last second","semester",22,"no","C: Furthest from the entrance","C: Furthest from the entrance",3,60,"With parent(s) and/or sibling(s)","Less than 5 standard drinks","Yes",179,1,9,"Casual","Instagram","Other",7,6,2,1,4,4,"T","Yes","Right","DATA2002",7,24,"Usually","No",8,"Second year",70
"Distinction","draw up a schedule and work through it in planned stages","semester",21,"yes","B: Middle","B: Middle",0,300,"With parent(s) and/or sibling(s)","Less than 5 standard drinks","Yes",163,8,32,"I don't currently work","Instagram","Female",7,4,1,0,1,7,"A","No","Right","DATA2002",6,0,"Usually","Yes",8,"Second year",73
"High Distinction","cram at the last second","semester",22,"no","C: Furthest from the entrance","C: Furthest from the entrance",6,100,"With parent(s) and/or sibling(s)","Between 5 and 10 standard drinks","Yes",188,1,20,"Casual","Instagram","Other",8,8,2,0,3,7,"P","Yes","Right","DATA2002",5,15,"Always","Yes",10,"Fourth year",80
"High Distinction","draw up a schedule and work through it in planned stages","semester",20,NA,"C: Furthest from the entrance","C: Furthest from the entrance",3,20,"aunt and uncle and cousins","Less than 5 standard drinks","Yes",173,NA,19,"Casual","Instagram","Female",8,7,3,0,8,8,"Y","Yes","Right","DATA2902",4,7,"Usually","Yes",9,"Third year",84.25
"Distinction","draw up a schedule and work through it in planned stages","semester",22,"yes","C: Furthest from the entrance","C: Furthest from the entrance",0,600,"With partner","Less than 5 standard drinks","Yes",183,10,56,"I don't currently work","Twitter","Other",6,3,1,9,8,8,"S","No","Right","DATA2002",14,4,"Always","No",7,"Second year",69.3
"High Distinction","draw up a schedule and work through it in planned stages","semester",19,"yes","C: Furthest from the entrance","C: Furthest from the entrance",0,100,"Share house","I don't drink alcohol","No",170,4,20,"I don't currently work","Instagram","Other",7,8,1,0,2,2,"K","Yes","Right","DATA2002",4,NA,"Always","Yes",7,"Second year",82
"Distinction","cram at the last second","semester",20,"yes","B: Middle","A: Closest to the entrance",0,300,"College or student accomodation","I don't drink alcohol","No",161,10,35,"I don't currently work","Instagram","Female",6,3,1,1,6,6,"E","No","Right","DATA2002",3.5,0,"Usually","Yes",3,"Second year",75.3
"High Distinction","cram at the last second","semester",20,"no","A: Closest to the entrance","A: Closest to the entrance",3,150,"College or student accomodation","Between 10 and 15 standard drinks","Yes",182.88,1,40,"Casual","Instagram","Other",7,3,2,0,10,4,"O","Yes","Right","DATA2902",7,10,"Usually","Yes",7,"Second year",84
"Distinction","draw up a schedule and work through it in planned stages","semester",20,"yes","C: Furthest from the entrance","A: Closest to the entrance",NA,100,"College or student accomodation","I don't drink alcohol","Yes",168,7,NA,"Part time","Twitter","Female",9,8,0,0,6,5,"M","No","Right","DATA2002",5,14.5,"Always","Yes",8,"Second year",75
"Distinction","cram at the last second","semester",21,"yes","C: Furthest from the entrance","B: Middle",4,100,"Share house","I don't drink alcohol","No",NA,7,10,"Casual","Other",NA,8,3,1,1,3,7,"G","Yes","Right","DATA2002",5,10,"Sometimes","Yes",8,"Fourth year",70
"Distinction","cram at the last second","semester",20,"yes","C: Furthest from the entrance","A: Closest to the entrance",0,100,"Share house","Less than 5 standard drinks","Yes",160,8,15,"I don't currently work","Tiktok","Female",5,7,1,0,9,9,"X","Yes","Right","DATA2002",0,0,"Always","Yes",5,"First year",67
"High Distinction","draw up a schedule and work through it in planned stages","semester",20,"yes","C: Furthest from the entrance","C: Furthest from the entrance",0,100,"With partner","I don't drink alcohol","No",162,5,10,"I don't currently work","Other","Female",9,8,0,2,7,7,"7","Yes","Right","DATA2002",7,0,"Always","Yes",9,"Second year",52
"Distinction","draw up a schedule and work through it in planned stages","semester",20,"yes","C: Furthest from the entrance","C: Furthest from the entrance",0,200,"Share house","Less than 5 standard drinks","No",152.4,4,12,"I don't currently work",NA,"Other",6,1,1,0,10,10,"C","Yes","Right","DATA2002",10,0,"Usually","Yes",7,"Second year",70
"High Distinction","draw up a schedule and work through it in planned stages","semester",21,"yes","C: Furthest from the entrance","C: Furthest from the entrance",NA,NA,NA,NA,NA,NA,NA,NA,NA,"Instagram",NA,6.5,4,NA,NA,NA,NA,"A","Yes","Right","DATA2002",12,NA,NA,"No",10,NA,75
"High Distinction","draw up a schedule and work through it in planned stages","semester",18,"yes","C: Furthest from the entrance","C: Furthest from the entrance",7,20,"With parent(s) and/or sibling(s)","I don't drink alcohol","Yes",183,2,9,"I don't currently work","Instagram","Other",7,4,0,0,6,7,"T","No","Right","DATA2002",4,NA,"Always","Yes",10,"Second year",85.125
"High Distinction","cram at the last second","semester",20,"yes","C: Furthest from the entrance","C: Furthest from the entrance",6,169,"Alone","Less than 5 standard drinks","Yes",172,10,8,"Part time","Instagram","Other",9,7,1,1,1,3,"S","No","Right","DATA2002",6,15,"Never","Yes",9,"Second year",69
"High Distinction","do them immediately","semester",23,"yes","C: Furthest from the entrance","B: Middle",4,120,"Share house","I don't drink alcohol","No",163,2,20,"I don't currently work","Other","Female",6,1,2,0,9,9,"G","Yes","Right","DATA2002",2,0,"Usually","Yes",7,"Second year",100
"Distinction","cram at the last second","semester",21,"yes","C: Furthest from the entrance","B: Middle",0,100,"College or student accomodation","I don't drink alcohol","Yes",154,8,20,"I don't currently work","Tiktok","Female",7,4,2,0,6,8,"E","No","Right","DATA2002",3,0,"Sometimes","Yes",7,"Third year",75
"High Distinction","draw up a schedule and work through it in planned stages","semester",20,"no","C: Furthest from the entrance","C: Furthest from the entrance",2,100,"With parent(s) and/or sibling(s)","Between 5 and 10 standard drinks","Yes",174,7,10,"Casual","Instagram","Female",7,7,1,0,6,6,"D","Yes","Right","DATA2002",4,15,"Always","Yes",8,"Second year",82
"Credit","draw up a schedule and work through it in planned stages","semester",21,"no","C: Furthest from the entrance","A: Closest to the entrance",2,400,"With parent(s) and/or sibling(s)","Less than 5 standard drinks","No",170,7,20,"Part time","Other",NA,8,9,1,0,3,8,"X","Yes","Right","DATA2002",3,10,"Usually","Yes",8,"Fourth year",70
"High Distinction","do them immediately","semester",20,"no","C: Furthest from the entrance","C: Furthest from the entrance",20,50,"With parent(s) and/or sibling(s)","I don't drink alcohol","No",180,2,5,"Casual","Other","Other",8,7,1,NA,7,7,"G","Yes","Right","DATA2002",5,3,"Always","Yes",8,"Second year",91
"Distinction","draw up a schedule and work through it in planned stages","semester",19,"no","C: Furthest from the entrance","B: Middle",2,90,"With parent(s) and/or sibling(s)","Less than 5 standard drinks","Yes",179,6,30,"Casual","Instagram","Other",7,4,2,0,7,9,"T","No","Right","DATA2002",5,10,"Sometimes","Yes",8,"Second year",78
"High Distinction","do them immediately","semester",23,"yes","A: Closest to the entrance","A: Closest to the entrance",0,80,"College or student accomodation","Less than 5 standard drinks","No",177,1,20,"Part time","Instagram","Other",5,6,3,0,7,10,"J","Yes","Right",NA,10,11,"Usually","Yes",NA,"Second year",70
"High Distinction","cram at the last second","semester",19,"yes","A: Closest to the entrance","A: Closest to the entrance",0,1000,"Alone","I don't drink alcohol","Yes",163,5,8,"I don't currently work","Tiktok","Female",5,1,0,2,7,1,"A","No","Right","DATA2002",0,5,"Always","Yes",4,"First year",72
"Distinction","do them immediately","semester",22,"yes","B: Middle","B: Middle",0,100,"College or student accomodation","I don't drink alcohol","Yes",175,6,10,"I don't currently work","Tiktok","Other",5,7,2,0,6,NA,"M","No","Right","DATA2002",2,0,"Usually",NA,6,"Third year",75
"Credit","draw up a schedule and work through it in planned stages","semester",21,"yes","C: Furthest from the entrance","B: Middle",1,100,"Alone","I don't drink alcohol","Yes",163,9,10,"I don't currently work","Wechat","Female",6,5,0,0,5,5,"Z","Yes","Right","DATA2002",1,0,"Always","Yes",4,"Second year",75
"Distinction","draw up a schedule and work through it in planned stages","semester",20,"no","C: Furthest from the entrance","C: Furthest from the entrance",5,150,"With parent(s) and/or sibling(s)","Between 10 and 15 standard drinks","Yes",180,3,15,"Casual","Instagram","Other",7,4,2,1,7,8,"W","Yes","Right","DATA2002",5,20,"Always","No",7,"Second year",75
"Distinction","cram at the last second","semester",20,"no","C: Furthest from the entrance","C: Furthest from the entrance",0,100,"With parent(s) and/or sibling(s)","I don't drink alcohol","Yes",185,3,12,"Casual","Youtube","Other",7,4,2,0,7,7,"W","Yes","Right","DATA2002",20,12,"Always","No",4,"Second year",62
"Distinction","cram at the last second","semester",19,"no","C: Furthest from the entrance","C: Furthest from the entrance",0,20,"With parent(s) and/or sibling(s)","I don't drink alcohol","Yes",169,4,20,"I don't currently work","Discord","Other",7,8,2,0,9,10,"S","Yes","Right","DATA2002",2,0,"Always","No",6,"Second year",75
"Distinction","cram at the last second","semester",19,"no","C: Furthest from the entrance","B: Middle",0,0,"With parent(s) and/or sibling(s)","I don't drink alcohol","No",165.5,5,25,"Casual","Discord","Other",7,5,2,3,2,4,"I","Yes","Right","DATA2002",2.5,2,"Usually","Yes",4,"Second year",75
"High Distinction","draw up a schedule and work through it in planned stages","semester",20,"yes","C: Furthest from the entrance","C: Furthest from the entrance",0,300,"With partner","I don't drink alcohol","Yes",183,6,15,"Casual","Instagram","Other",7,5,0,2,1,1,"L","No","Right","DATA2002",5,4,"Usually","Yes",5,"Third year",71
"Distinction","draw up a schedule and work through it in planned stages","semester",21,"yes","C: Furthest from the entrance","C: Furthest from the entrance",1,100,"Share house","I don't drink alcohol","No",153,8,40,"Part time","Instagram","Female",7,4,3,2,5,5,"Y","Yes","Right","DATA2002",2,10,"Always","Yes",5,"Second year",81
"High Distinction","draw up a schedule and work through it in planned stages","semester",19,"no","C: Furthest from the entrance","C: Furthest from the entrance",3,350,"With parent(s) and/or sibling(s)","Less than 5 standard drinks","No",180,2,15,"Full time","Instagram","Other",7,8,1,0,8,8,"Q","Yes","Right","DATA2002",8,40,"Always","Yes",10,"Second year",82
"Distinction","draw up a schedule and work through it in planned stages","semester",21,"no","B: Middle","B: Middle",0,50,"with friends","Less than 5 standard drinks","Yes",160,10,20,"I don't currently work","Instagram","Female",8,10,2,0,3,3,"L","Yes","Right","DATA2002",4,0,"Always","Yes",7,"Second year",70
"High Distinction","draw up a schedule and work through it in planned stages","semester",20,"yes","B: Middle","A: Closest to the entrance",2,100,"Alone","I don't drink alcohol","Yes",164,8,12,"I don't currently work","Instagram","Female",7,5,0,0,7,6,"V","No","Right","DATA2002",5,0,"Always","No",8,"Second year",79
"Distinction","cram at the last second","semester",20,"yes","C: Furthest from the entrance","B: Middle",0,400,"With partner","I don't drink alcohol","No",173,4,21,"I don't currently work","Other","Female",9,2,1,0,3,8,"B","No","Right","DATA2002",4,0,"Usually","Yes",6,"First year",75
"High Distinction","draw up a schedule and work through it in planned stages","semester",21,"no","C: Furthest from the entrance","A: Closest to the entrance",1,250,"With parent(s) and/or sibling(s)","I don't drink alcohol","No",160,4,40,"I don't currently work","Instagram","Female",8,7,1,0,1,9,"A","Yes","Right","DATA2002",5,0,"Always","No",9,"Third year",75
"Distinction","draw up a schedule and work through it in planned stages","semester",21,"yes","C: Furthest from the entrance","B: Middle",1,100,"Alone","I don't drink alcohol","Yes",163,3,12,"I don't currently work","Instagram","Female",6,4,0,0,5,5,"A","No","Right","DATA2002",2,0,"Always","Yes",5,"Second year",68
"High Distinction","draw up a schedule and work through it in planned stages","semester",21,"yes","A: Closest to the entrance","A: Closest to the entrance",0,300,"Share house","I don't drink alcohol","Yes",178,2,35,"I don't currently work","Wechat","Other",10,8,0,0,6,6,"A","Yes","Right","DATA2002",7,0,"Always","Yes",8,"Third year",80.03
"High Distinction","draw up a schedule and work through it in planned stages","semester",22,"yes","A: Closest to the entrance","A: Closest to the entrance",0,100,"College or student accomodation","I don't drink alcohol","Yes",160,4,28,"Casual","Tiktok","Female",8,10,0,0,7,7,"S","No","Right","DATA2002",5,10,"Always","Yes",10,"Third year",80
"High Distinction","draw up a schedule and work through it in planned stages","semester",19,"yes","C: Furthest from the entrance","C: Furthest from the entrance",0,80,"College or student accomodation","I don't drink alcohol","Yes",175,1,7,"I don't currently work","Instagram","Other",8,10,0,0,9,6,"F","Yes","Right","DATA2002",8,0,"Always","Yes",10,"Second year",75
"High Distinction","draw up a schedule and work through it in planned stages","semester",19,"yes","C: Furthest from the entrance","C: Furthest from the entrance",0,150,"Share house","I don't drink alcohol","No",170,2,20,"I don't currently work","Instagram","Other",8,7,1,0,7,7,"W","Yes","Right","DATA2902",2,0,"Always","Yes",8,"Second year",87.25
"Distinction","cram at the last second","semester",19,"yes","C: Furthest from the entrance","C: Furthest from the entrance",NA,100,"Alone","I don't drink alcohol","Yes",NA,NA,30,"I don't currently work",NA,"Other",8,3,0,0,6,3,"E","No","Right","DATA2002",NA,NA,"Usually","Yes",4,"Second year",75
"Distinction","cram at the last second","semester",19,"no","A: Closest to the entrance","B: Middle",2,50,"College or student accomodation","Less than 5 standard drinks","Yes",172,4,5,"Casual","Instagram","Female",6,5,0,5,6,8,"C","No","Right","DATA2002",4,15,"Usually","Yes",8,"Second year",76
"High Distinction","draw up a schedule and work through it in planned stages","semester",19,"yes","C: Furthest from the entrance","C: Furthest from the entrance",0,80,"College or student accomodation","I don't drink alcohol","Yes",175,10,7,"I don't currently work","Instagram","Other",8,8,0,0,9,10,"F","Yes","Right","DATA2002",8,0,"Always","Yes",6,"Second year",72
"Distinction","draw up a schedule and work through it in planned stages","semester",22,"no","B: Middle","C: Furthest from the entrance",2,100,"With parent(s) and/or sibling(s)","Less than 5 standard drinks","Yes",160,6,35,"Casual","Instagram","Female",7,7,1,0,4,4,"Z","Yes","Right","DATA2002",5,15,"Usually","Yes",6,"Second year",60
"Credit","cram at the last second","semester",20,"no","A: Closest to the entrance","C: Furthest from the entrance",3,100,"With parent(s) and/or sibling(s)","Between 10 and 15 standard drinks","No",182.88,3,7,"Part time","Instagram","Other",6,4,2,2,5,9,"Y","No","Right","DATA2002",3,21,"Usually","Yes",6,"Second year",65
"Distinction","cram at the last second","semester",19,"no","C: Furthest from the entrance","B: Middle",2,50,"With parent(s) and/or sibling(s)","Less than 5 standard drinks","No",180,3,15,"Part time","Other","Other",6,2,3,0,5,4,"W","Yes","Right","DATA2002",10,22,"Usually","No",9,"Second year",100
"High Distinction","do them immediately","semester",19,"yes","A: Closest to the entrance","A: Closest to the entrance",0,20,"Share house","I don't drink alcohol","Yes",170,7,20,"I don't currently work","Instagram","Other",10,2,1,1,10,10,"H","No","Right","DATA2002",0,0,"Usually","Yes",9,"Second year",74
"High Distinction","cram at the last second","trimester",24,"yes","C: Furthest from the entrance","C: Furthest from the entrance",NA,40,"Cousins","Less than 5 standard drinks","Yes",176,3,10,"I don't currently work","Tiktok","Other",7,6,2,2,2,2,"A","Yes","Right","DATA2002",3,8,"Always","Yes",8,"Second year",80
"Pass","cram at the last second","trimester",23,"yes","C: Furthest from the entrance","C: Furthest from the entrance",0,210,"Alone","I don't drink alcohol","Yes",181,10,8,"I don't currently work","Wechat","Other",7,4,1,0,5,8,"J","Yes","Right","DATA2002",0,0,"Usually","No",4,"Second year",50
"High Distinction","draw up a schedule and work through it in planned stages","semester",20,"yes","A: Closest to the entrance","A: Closest to the entrance",0,150,"Share house","I don't drink alcohol","Yes",174,4,30,"I don't currently work","Other","Female",7,5,1,0,6,8,"S","Yes","Right","DATA2002",6,5,"Always","Yes",8,"Second year",80
"High Distinction","draw up a schedule and work through it in planned stages","semester",22,"no","C: Furthest from the entrance","C: Furthest from the entrance",0,50,"With parent(s) and/or sibling(s)","Between 5 and 10 standard drinks","Yes",163,10,40,"I don't currently work","Instagram","Female",7,7,1,0,2,2,"A","No","Right","DATA2002",3,0,"Always","Yes",10,"Second year",75
"Distinction","draw up a schedule and work through it in planned stages","semester",20,"no","C: Furthest from the entrance","C: Furthest from the entrance",1.5,60,"With parent(s) and/or sibling(s)","I don't drink alcohol","Yes",156,7,2,"I don't currently work","Tiktok","Female",8,3,3,0,3,3,"I","No","Right","DATA2002",2,0,"Always","Yes",8,"Second year",80
"Credit","cram at the last second","semester",22,"yes","C: Furthest from the entrance","C: Furthest from the entrance",0,300,"Share house","Less than 5 standard drinks","Yes",160,6,24,"I don't currently work","Tiktok","Female",7,4,1,0,7,7,"O","Yes","Right","DATA2002",6,0,"Always","Yes",6,"Third year",60
"High Distinction","draw up a schedule and work through it in planned stages","semester",24,"no","C: Furthest from the entrance","A: Closest to the entrance",2,NA,"With parent(s) and partner","Between 5 and 10 standard drinks","Yes",165,8,NA,"Casual","Tiktok","Female",7,3,1,NA,7,7,"F","No","Right","DATA2002",9,24,"Always","Yes",9,NA,75
"Pass","cram at the last second",NA,25,"yes","C: Furthest from the entrance","B: Middle",3,165,"College or student accomodation","Between 5 and 10 standard drinks","No",169,7,NA,"I don't currently work","Instagram","Female",7,3,1,3,9,2,"?","Yes","Right","DATA2002",5,0,"Always","Yes",7,"Third year",75
"High Distinction","cram at the last second","semester",20,"no","A: Closest to the entrance","A: Closest to the entrance",0,100,"With partner","I don't drink alcohol","Yes",NA,7,6,"I don't currently work","Instagram","Other",8,6,0,0,7,7,"T","Yes","Right","DATA2902",0,0,"Usually","Yes",8,"Second year",87
"High Distinction","do them immediately","semester",20,"yes","C: Furthest from the entrance","B: Middle",0,200,"College or student accomodation","I don't drink alcohol","Yes",183,7,25,"I don't currently work","Wechat","Other",8,8,1,1,4,7,"K","Yes","Right","DATA2002",4,0,"Always","Yes",7,"Second year",85
"Distinction","draw up a schedule and work through it in planned stages","semester",21,"no","C: Furthest from the entrance","C: Furthest from the entrance",3,85,"With parent(s) and/or sibling(s)","Between 5 and 10 standard drinks","No",170,2,2,"Casual","Instagram","Female",8,7,2,0,5,9,NA,"Yes","Right","DATA2002",4.5,16,"Always","Yes",7,"Second year",81.7
"High Distinction","cram at the last second","semester",19,"no","B: Middle","B: Middle",2,250,"Alone","Less than 5 standard drinks","No",177,2,40,"I don't currently work","Wechat","Female",8,8,1,1,6,8,"L","No","Right","DATA2002",4,0,"Usually","Yes",4,"Second year",83.5
"Credit","cram at the last second","semester",21,"no","C: Furthest from the entrance","C: Furthest from the entrance",14,200,"College or student accomodation","More than 20 standard drinks","Yes",190,1,2,"Casual","Other","Other",8,4,2,0,3,NA,"A","Yes","Right","DATA2002",30,20,"Usually","Yes",8,"Third year",65
"High Distinction","draw up a schedule and work through it in planned stages","semester",19,"no","C: Furthest from the entrance","C: Furthest from the entrance",2,10,"With parent(s) and/or sibling(s)","I don't drink alcohol","No",157,4,5,"Casual","Instagram","Female",7,7,2,0,9,4,"L","Yes","Right","DATA2902",5,7,"Always","Yes",10,"Second year",87.5
"Distinction","cram at the last second","semester",19,NA,"C: Furthest from the entrance","C: Furthest from the entrance",2,5,"College or student accomodation","Between 5 and 10 standard drinks","Yes",173,9,7,"Part time","Other",NA,8,6,3,0,7,7,"S","Yes","Ambidextrous","DATA2002",1,6,"Always","Yes",5,"Second year",69
"Credit","draw up a schedule and work through it in planned stages","semester",22,"yes","C: Furthest from the entrance","C: Furthest from the entrance",2,150,"Alone","I don't drink alcohol","Yes",178,8,25,"Full time","Other","Other",6,4,0,0,6,6,"F","No","Right","DATA2002",4,0,"Usually","Yes",7,"Third year",70
"High Distinction","draw up a schedule and work through it in planned stages","semester",19,"no","C: Furthest from the entrance","C: Furthest from the entrance",0,20,"With parent(s) and/or sibling(s)","I don't drink alcohol","No",153,10,33,"Part time","Instagram","Female",8,8,2,0,8,8,"B","Yes","Right","DATA2002",0,9,"Always","Yes",8,"Second year",75
"High Distinction","draw up a schedule and work through it in planned stages","semester",19,"no","C: Furthest from the entrance","C: Furthest from the entrance",0,20,"With parent(s) and/or sibling(s)","I don't drink alcohol","Yes",166,7,30,"Self employed","Tiktok","Female",7,2,2,1,4,7,"L","Yes","Right","DATA2002",NA,2,"Always","Yes",7,"Second year",75
"Pass","draw up a schedule and work through it in planned stages","semester",23,"yes","A: Closest to the entrance","C: Furthest from the entrance",0,80,"With parent(s) and/or sibling(s)","I don't drink alcohol","Yes",169,5,8,NA,"Instagram","Other",6,8,1,1,8,8,"B","Yes","Right","DATA2002",6,0,"Always","Yes",9,"Third year",70
"Distinction","cram at the last second","semester",18,"no","C: Furthest from the entrance","C: Furthest from the entrance",NA,40,"With parent(s) and/or sibling(s)","Less than 5 standard drinks","Yes",173,4,10,"I don't currently work","Youtube","Other",7,4,1,0,6,9,"R","Yes","Right","DATA2002",6,0,"Usually","Yes",6,"Second year",75
"High Distinction","draw up a schedule and work through it in planned stages","semester",26,"yes","C: Furthest from the entrance","C: Furthest from the entrance",0,500,"Share house","Less than 5 standard drinks","Yes",177,8,20,"I don't currently work","Other","Other",6,6,0,0,7,7,"V","Yes","Right","DATA2002",2,0,"Usually","Yes",5,"Fifth or higher year",69
"High Distinction","cram at the last second","semester",19,"yes","C: Furthest from the entrance","C: Furthest from the entrance",0,150,"with friends","Less than 5 standard drinks","Yes",167,10,3,"Contractor","Youtube","Other",7,10,1,0,7,7,"E","No","Right","DATA2002",0,4,"Usually","Yes",10,"Second year",91
"Distinction","draw up a schedule and work through it in planned stages","semester",25,"no","A: Closest to the entrance","A: Closest to the entrance",6,40,"With partner","Less than 5 standard drinks","Yes",178,1,42,"I don't currently work","Youtube","Other",7.25,10,NA,0,2,7,"K","Yes","Left","DATA2002",10,0,"Always","Yes",8,"Second year",70.7
"Distinction","draw up a schedule and work through it in planned stages","semester",21,"no","C: Furthest from the entrance","C: Furthest from the entrance",0,150,"With parent(s) and/or sibling(s)","I don't drink alcohol","Yes",155,2,NA,"Part time",NA,"Female",8,3,1,NA,2,2,"S","Yes","Right","DATA2002",NA,18,"Always","Yes",5,NA,75
"High Distinction","do them immediately","semester",19,"yes","C: Furthest from the entrance","C: Furthest from the entrance",1,10,"With partner","I don't drink alcohol","Yes",178,2,10,"Casual","Other","Female",9,8,0,0,7,10,"S","Yes","Right","DATA2002",2,0,"Always","Yes",8,"First year",78
"Distinction","cram at the last second","semester",NA,"no","C: Furthest from the entrance","C: Furthest from the entrance",0,300,"With parent(s) and/or sibling(s)","Less than 5 standard drinks","Yes",162,4,5,"Casual","Instagram","Female",8,5,4,0,2,2,"R","Yes","Right","DATA2002",0.5,13,"Usually","Yes",4,"Second year",70
"Credit","draw up a schedule and work through it in planned stages","semester",21,"yes","B: Middle","B: Middle",0,400,"Share house","I don't drink alcohol","Yes",178,3,5,"I don't currently work","Other","Other",7,8,0,0,10,1,"A","Yes","Left","DATA2002",6,0,"Always","Yes",7,"Second year",72
"Distinction","cram at the last second","trimester",21,"yes","C: Furthest from the entrance","C: Furthest from the entrance",0,100,"Share house","I don't drink alcohol","No",181,9,20,"I don't currently work","Instagram","Other",5,2,3,1,7,7,"H","Yes","Right","DATA2002",7,0,"Usually","Yes",7,"Second year",75
"High Distinction","draw up a schedule and work through it in planned stages","semester",20,"yes","C: Furthest from the entrance","C: Furthest from the entrance",2,NA,"College or student accomodation","I don't drink alcohol","No",164,3,50,"I don't currently work","Twitter","Female",8.5,5,1,2,7,7,"Z","No","Right","DATA2002",0,0,"Always","No",9,"Second year",84
"High Distinction","draw up a schedule and work through it in planned stages","semester",22,"yes","C: Furthest from the entrance","B: Middle",NA,100,"With partner","I don't drink alcohol","Yes",162,2,10,"Contractor","Twitter",NA,10,7,1,3,8,10,"M","Yes","Left","DATA2002",3,3,"Always","Yes",6,"Third year",75
"Distinction","cram at the last second","semester",21,"yes","C: Furthest from the entrance","C: Furthest from the entrance",5,130,"College or student accomodation","I don't drink alcohol","No",173,5,20,"Casual","Other","Other",7,4,3,0,4,4,"H","Yes","Right","DATA2002",4,3,"Sometimes","Yes",6,"Second year",73
"Distinction","draw up a schedule and work through it in planned stages","semester",20,"no","C: Furthest from the entrance","C: Furthest from the entrance",0,NA,"With parent(s) and/or sibling(s)",NA,"Yes",160,9,10,"Part time","Tiktok","Female",6,3,0,NA,7,7,"C","Yes","Right","DATA2002",NA,NA,NA,"Yes",7,NA,75
"Distinction","draw up a schedule and work through it in planned stages","semester",21,"yes","C: Furthest from the entrance","C: Furthest from the entrance",2,280,"Alone","Less than 5 standard drinks","Yes",167,6,25,"I don't currently work","Instagram","Female",8,4,1,3,3,3,"C","Yes","Right","DATA2002",7,0,"Always","Yes",7,"Second year",78
"High Distinction","cram at the last second","semester",20,"yes","C: Furthest from the entrance","B: Middle",0,100,"Share house","I don't drink alcohol","Yes",164,7,38,"I don't currently work","Wechat","Female",9,2,0,2,6,4,"U","No","Right","DATA2002",2,0,"Always","Yes",3,"Second year",68
"High Distinction","cram at the last second","semester",21,"no","C: Furthest from the entrance","C: Furthest from the entrance",0,250,"Alone","Less than 5 standard drinks","No",171,10,56,"I don't currently work","Tiktok","Other",6,1,0,0,3,3,"A","Yes","Right","DATA2002",1,0,"Always","Yes",8,"Third year",75
"High Distinction","draw up a schedule and work through it in planned stages","semester",21,"yes","C: Furthest from the entrance","C: Furthest from the entrance",2,130,"Share house","Less than 5 standard drinks","Yes",163,5,30,"I don't currently work","Other","Female",8,2,1,0,6,9,"R","No","Right","DATA2002",5,0,"Usually","Yes",1,"Second year",75.65
"Distinction","draw up a schedule and work through it in planned stages","trimester",20,"yes","C: Furthest from the entrance","C: Furthest from the entrance",2,288,"Alone","Less than 5 standard drinks","Yes",164.5,6,26,"I don't currently work","Other","Female",7,8,0,0,7,8,"Y","No","Right","DATA2002",8,0,"Always","Yes",8,"First year",72
"Distinction","cram at the last second","semester",22,"no","C: Furthest from the entrance","C: Furthest from the entrance",6,200,"With parent(s) and/or sibling(s)","Between 5 and 10 standard drinks","Yes",195,5,5,"Casual","Instagram","Other",6,2,2,0,6,6,"J","Yes","Right","DATA2902",7,24,"Always","Yes",7,"Fourth year",73
"Distinction","cram at the last second","semester",21,"yes","C: Furthest from the entrance","C: Furthest from the entrance",2,400,"Share house","Less than 5 standard drinks","Yes",175,2,15,"I don't currently work","Wechat","Other",6,1,1,0,7,7,"S","No","Left","DATA2002",0,0,"Always","Yes",4,"Third year",65
"High Distinction","draw up a schedule and work through it in planned stages","semester",19,"no","C: Furthest from the entrance","C: Furthest from the entrance",3,50,"With parent(s) and/or sibling(s)","I don't drink alcohol","No",176,5,55,"Self employed","Instagram","Female",8,6,0,0,7,4,"A","Yes","Right","DATA2002",4,3,"Always","Yes",7,"Second year",75
"Distinction","draw up a schedule and work through it in planned stages","semester",21,"yes","C: Furthest from the entrance","C: Furthest from the entrance",1,150,"Share house","I don't drink alcohol","Yes",172,6,50,"I don't currently work","Youtube","Female",7,4,1,1,7,7,"X","Yes","Right","DATA2002",1,0,"Always","Yes",6,"Second year",59.5
"High Distinction","cram at the last second","semester",19,"yes","C: Furthest from the entrance","C: Furthest from the entrance",2,500,"Share house","I don't drink alcohol","Yes",NA,8,4,"I don't currently work","Instagram","Female",10,1,0,2,2,7,"A","No","Right","DATA2002",1,0,"Usually","No",3,"Second year",78
"High Distinction","draw up a schedule and work through it in planned stages","semester",20,"no","C: Furthest from the entrance","B: Middle",4,200,"With parent(s) and/or sibling(s)","I don't drink alcohol","Yes",186,5,20,"Full time","Instagram","Other",6,6,1,2,8,7,"S","Yes","Right","DATA2002",12,40,"Always","Yes",8,"Third year",81
"Distinction","cram at the last second","semester",20,"no","C: Furthest from the entrance","C: Furthest from the entrance",5,200,"With parent(s) and/or sibling(s)","I don't drink alcohol","Yes",185,3,35,"Self employed","Instagram","Other",9,8,2,0,7,7,"A","Yes","Right","DATA2002",9,20,"Always","Yes",8,"Third year",70
"High Distinction","do them immediately","semester",19,"yes","A: Closest to the entrance","B: Middle",2,50,"With parent(s) and/or sibling(s)","Less than 5 standard drinks","Yes",165.1,2,5,"Casual","Instagram","Other",8,8,1,0,4,9,"G","Yes","Right","DATA2902",3,6,"Always","Yes",7,"Second year",88
"High Distinction","draw up a schedule and work through it in planned stages","semester",21,"yes","C: Furthest from the entrance","B: Middle",0,250,"College or student accomodation","Less than 5 standard drinks","Yes",165.1,7,10,"I don't currently work","Tiktok","Female",7,7,2,0,10,10,"A","Yes","Right","DATA2002",2,15,"Usually","Yes",9,"Third year",78
"High Distinction","draw up a schedule and work through it in planned stages","semester",20,"yes","C: Furthest from the entrance","B: Middle",1,150,"With partner","I don't drink alcohol","No",178,5,15,"Casual","Other","Other",8,6,2,2,6,8,"B","Yes","Right","DATA2002",5,0,"Always","Yes",6,"Second year",70
"High Distinction","cram at the last second","semester",19,"no","C: Furthest from the entrance","C: Furthest from the entrance",3,20,"With parent(s) and/or sibling(s)","I don't drink alcohol","No",163,9,10,"Part time","Other","Female",6,4,2,0,3,3,"N","Yes","Right","DATA2902",4,13,"Always","Yes",7,"Second year",82
"Distinction","draw up a schedule and work through it in planned stages","semester",21,"yes","C: Furthest from the entrance","C: Furthest from the entrance",0,200,"Share house","Less than 5 standard drinks","Yes",171,6,17,"Casual","Other","Female",9,8,0,1,8,8,"S","Yes","Right","DATA2002",3,16,"Always","Yes",4,"Third year",75
"High Distinction","draw up a schedule and work through it in planned stages","semester",21,"yes","C: Furthest from the entrance","C: Furthest from the entrance",0,200,"Share house","Less than 5 standard drinks","Yes",175,6,21,"I don't currently work","Instagram","Other",6,8,0,0,6,9,"J","Yes","Right","DATA2002",4,0,"Always","No",10,"Second year",84.8
"High Distinction","draw up a schedule and work through it in planned stages","semester",21,"yes","B: Middle","C: Furthest from the entrance",1,50,"College or student accomodation","I don't drink alcohol","Yes",161,5,35,"Casual","Tiktok","Female",8,9,2,5,2,2,"Z","Yes","Right","DATA2002",5,5,"Always","Yes",9,"Third year",73.2
"Distinction","cram at the last second","semester",20,"no","C: Furthest from the entrance","B: Middle",0,200,"College or student accomodation","Less than 5 standard drinks","Yes",168,8,3,"I don't currently work","Wechat","Female",6,5,5,0,5,4,"J","Yes","Right","DATA2002",2,0,"Always","Yes",7,"First year",66
"Distinction","draw up a schedule and work through it in planned stages","semester",21,"yes","C: Furthest from the entrance","C: Furthest from the entrance",0,200,"Share house","Less than 5 standard drinks","No",170,3,40,"Casual","Youtube","Other",7,9,0,4,7,7,"C","Yes","Ambidextrous","DATA2002",5,10,"Always","Yes",8,"Second year",80
"Pass","draw up a schedule and work through it in planned stages","semester",21,"yes","C: Furthest from the entrance","C: Furthest from the entrance",0,210,"College or student accomodation","Between 5 and 10 standard drinks","Yes",164,4,40,"I don't currently work","Instagram",NA,6,4,0,3,3,8,"W","No","Right","DATA2002",3,0,"Always","Yes",10,"Third year",75
"High Distinction","do them immediately","semester",20,"yes","C: Furthest from the entrance","A: Closest to the entrance",0,150,"College or student accomodation","I don't drink alcohol","No",169,7,20,"Part time","Twitter","Other",7,4,0,1,7,7,"E","Yes","Right","DATA2002",4,0,"Usually","Yes",7,"Second year",75
"High Distinction","cram at the last second","semester",19,"no","C: Furthest from the entrance","B: Middle",2,20,"With parent(s) and/or sibling(s)","Less than 5 standard drinks","Yes",163,7,7,"Part time","Instagram","Female",6,1,1,0,6,8,"E","Yes","Right","DATA2002",4,9,"Usually","Yes",9,"Second year",87
"Distinction","draw up a schedule and work through it in planned stages","semester",20,"no","A: Closest to the entrance","A: Closest to the entrance",2,0,"Sharehouse with Partners and Siblings","Less than 5 standard drinks","Yes",163,4,15,"I don't currently work","Instagram","Other",8,8,1,0,6,7,"S","Yes","Right","DATA2902",0,0,"Always","Yes",7,"Second year",75
"Distinction","draw up a schedule and work through it in planned stages","semester",20,"yes","C: Furthest from the entrance","C: Furthest from the entrance",30,40,"With parent(s) and/or sibling(s)","Less than 5 standard drinks","No",160.02,2,25,"Part time","Instagram","Female",7,8,1,0,10,7,"S","Yes","Right","DATA2002",5,23,"Always","No",10,"Third year",78
"Distinction","do them immediately","semester",20,"yes","C: Furthest from the entrance","A: Closest to the entrance",0,315,"College or student accomodation","I don't drink alcohol","Yes",172,9,7,"I don't currently work","Discord","Other",8,4,1,1,5,7,"Q","Yes","Right","DATA2002",4,0,"Usually","Yes",6,"Second year",73.92
"High Distinction","draw up a schedule and work through it in planned stages","semester",21,"no","A: Closest to the entrance","A: Closest to the entrance",4,75,"With parent(s) and/or sibling(s)","I don't drink alcohol","Yes",182.88,6,15,"Casual","Instagram","Other",7,4,3,0,4,4,"C","Yes","Right","DATA2002",12,15,"Always","Yes",8,"Third year",85
"High Distinction","draw up a schedule and work through it in planned stages","semester",20,"yes","A: Closest to the entrance","B: Middle",1,NA,"College or student accomodation","I don't drink alcohol","Yes",175,4,40,"Full time","Other","Female",7,7,0,0,1,1,"V","Yes","Right","DATA2002",1,0,"Always","Yes",8,"Second year",87
"High Distinction","cram at the last second","semester",19,"no","C: Furthest from the entrance","C: Furthest from the entrance",0,40,"With parent(s) and/or sibling(s)","I don't drink alcohol","Yes",185,4,15,"Contractor","Instagram","Other",8,7,1,0,1,3,"A","Yes","Right","DATA2002",3,13,"Usually","No",8,"Second year",73
"High Distinction","draw up a schedule and work through it in planned stages","semester",19,"yes","C: Furthest from the entrance","B: Middle",7,100,"College or student accomodation","Less than 5 standard drinks","Yes",189,2,40,"I don't currently work","Instagram","Other",9,3,1,2,10,7,"W","Yes","Right","DATA2002",5,0,"Always","No",9,"Second year",67
