target_grade,assignment_preference,trimester_or_semester,age,pay_rent,urinal_choice,stall_choice,weetbix_count,weekly_food_spend,living_arrangements,weekly_alcohol,believe_in_aliens,height,commute,daily_anxiety_frequency,weekly_study_hours,work_status,social_media,gender,average_daily_sleep,sleep_schedule,sibling_count,allergy_count,random_number,favourite_number,favourite_letter,drivers_license,dominant_hand,enrolled_unit,weekly_exercise_hours,weekly_paid_work_hours,assignments_on_time,used_r_before,team_role_type,university_year,wam
Pass,cram at the last second,NA,20,yes,C: Furthest from the entrance,A: Closest to the entrance,5,10,With parent(s) and/or sibling(s),I don't drink alcohol,Yes,160,"Train, Walk",10,2,I don't currently work,Instagram,Female,4,1,1,2,5,7,NONE,Yes,Right,DATA2002,0.5,0,Always,Yes,10,Second year,65
Fail,cram at the last second,semester,19,no,C: Furthest from the entrance,C: Furthest from the entrance,5,20,With parent(s) and/or sibling(s),Less than 5 standard drinks,Yes,183,"Train, Walk",2,10,Casual,NA,Male,8,8,1,0,8,6,J,Yes,Right,DATA2902,7,20,Always,Yes,6,Second year,86
High Distinction,draw up a schedule and work through it in planned stages,semester,21,yes,B: Middle,C: Furthest from the entrance,0,300,With partner,I don't drink alcohol,Yes,180,Walk,10,120,I don't currently work,Tiktok,Male,7,3,1,1,5,5,X,Yes,Ambidextrous,DATA2002,2,0,Always,Yes,3,Second year,75
High Distinction,draw up a schedule and work through it in planned stages,semester,20,no,C: Furthest from the entrance,C: Furthest from the entrance,NA,35,With parent(s) and/or sibling(s),I don't drink alcohol,Yes,163,"Train, Bus, Walk",5,NA,Contractor,Instagram,NA,7,1,1,NA,7,NA,J,Yes,Right,DATA2902,1,NA,Always,Yes,10,Second year,90
High Distinction,cram at the last second,semester,19,no,C: Furthest from the entrance,B: Middle,0,50,With parent(s) and/or sibling(s),Less than 5 standard drinks,No,156,Train,1,20,Casual,Other,Female,9,10,1,0,4,5,A,Yes,Right,DATA2002,8,20,Always,Yes,7,Second year,74
Distinction,do them immediately,semester,18,yes,C: Furthest from the entrance,A: Closest to the entrance,1,150,College or student accomodation,I don't drink alcohol,No,156,Walk,4,28,I don't currently work,Other,Female,6,4,0,1,2,2,S,No,Right,DATA2002,6,0,Usually,Yes,7,NA,77.3
High Distinction,do them immediately,semester,20,no,A: Closest to the entrance,A: Closest to the entrance,4,100,With parent(s) and/or sibling(s),Between 10 and 15 standard drinks,Yes,172.72,Train,5,20,Part time,Instagram,Male,8,7,2,NA,5,8,Î ,Yes,Right,DATA2902,6,26,Always,Yes,7,Third year,92.4
Distinction,draw up a schedule and work through it in planned stages,semester,20,no,A: Closest to the entrance,B: Middle,2,250,Alone,I don't drink alcohol,Yes,178,"Train, Walk",3,15,Self employed,Instagram,Male,7,1,1,0,7,7,L,Yes,Right,DATA2902,2,5,NA,Yes,8,Second year,75
High Distinction,cram at the last second,semester,19,yes,C: Furthest from the entrance,C: Furthest from the entrance,7,30,With parent(s) and/or sibling(s),I don't drink alcohol,Yes,183,"Train, Walk",4,30,Casual,Instagram,NA,8,7,1,0,3,8,Z,Yes,Right,DATA2002,6,15,Always,Yes,8,Second year,73
High Distinction,draw up a schedule and work through it in planned stages,semester,19,yes,C: Furthest from the entrance,B: Middle,30,20,With parent(s) and/or sibling(s),I don't drink alcohol,No,160,Train,6,21,I don't currently work,Instagram,Female,8,10,2,0,2,2,G,No,Right,DATA2902,2,0,Always,Yes,8,Second year,85
High Distinction,do them immediately,semester,20,no,C: Furthest from the entrance,A: Closest to the entrance,4,NA,With parent(s) and/or sibling(s),I don't drink alcohol,Yes,180,Bus,2,NA,Part time,NA,Male,8,4,NA,NA,1,NA,NA,No,Right,DATA2902,2,NA,Always,Yes,NA,Second year,75
Distinction,draw up a schedule and work through it in planned stages,semester,20,no,C: Furthest from the entrance,C: Furthest from the entrance,2,100,With parent(s) and/or sibling(s),Less than 5 standard drinks,No,181,Train,8,20,Contractor,Instagram,Male,6,7,2,0,7,2,P,Yes,Left,DATA2002,7,10,Always,Yes,9,Second year,80.1
High Distinction,draw up a schedule and work through it in planned stages,semester,20,yes,C: Furthest from the entrance,C: Furthest from the entrance,0,100,College or student accomodation,I don't drink alcohol,Yes,162,Walk,3,24,Casual,Other,Male,8,8,1,0,6,1,V,Yes,Right,DATA2902,3,5,Usually,Yes,7,Second year,83.1
Distinction,cram at the last second,semester,20,no,C: Furthest from the entrance,A: Closest to the entrance,4,50,With parent(s) and/or sibling(s),Between 5 and 10 standard drinks,Yes,194.5,"Train, Bus, Car, Walk",2,36,Contractor,Other,Male,8,8,2,2,2,8,G,Yes,Left,DATA2002,11,4.5,Always,No,9,Third year,62
Distinction,cram at the last second,semester,19,no,C: Furthest from the entrance,C: Furthest from the entrance,0,0,With parent(s) and/or sibling(s),I don't drink alcohol,No,180,Train,10,20,Casual,Discord,Male,8,8,1,0,5,5,X,Yes,Right,DATA2902,0,2,Usually,Yes,5,Second year,72
High Distinction,do them immediately,semester,18,no,C: Furthest from the entrance,C: Furthest from the entrance,2,150,With parent(s) and/or sibling(s),I don't drink alcohol,No,175,"Train, Bus, Walk",7,20,Casual,Discord,Male,8,9,1,0,4,7,J,Yes,Left,DATA2902,3,20,Always,Yes,8,First year,92.8
High Distinction,do them immediately,semester,19,no,C: Furthest from the entrance,C: Furthest from the entrance,0,250,i live with my girlfriends parents (its complicated),Between 5 and 10 standard drinks,Yes,NA,"Train, Car",1,50,Self employed,Youtube,Male,8,4,0,0,8,4,E,Yes,Right,DATA2902,0,6.5,Always,Yes,10,Second year,91.8
Distinction,draw up a schedule and work through it in planned stages,semester,19,no,C: Furthest from the entrance,A: Closest to the entrance,1.5,60,With parent(s) and/or sibling(s),I don't drink alcohol,Yes,152.4,"Train, Bus",5,9,Part time,Tiktok,Female,6,4,2,1,3,5,R,Yes,Right,DATA2002,2,9,Usually,Yes,9,Second year,71
High Distinction,do them immediately,trimester,20,yes,C: Furthest from the entrance,C: Furthest from the entrance,0,210,Share house,I don't drink alcohol,Yes,160,Walk,10,35,I don't currently work,Wechat,Female,8,7,0,3,4,6,U,Yes,Right,DATA2002,0,0,Always,Yes,9,Second year,84
High Distinction,draw up a schedule and work through it in planned stages,semester,21,yes,C: Furthest from the entrance,C: Furthest from the entrance,4,70,With parent(s) and/or sibling(s),I don't drink alcohol,Yes,180,"Train, Walk",4,25,Part time,Twitter,Male,7,7,2,0,3,7,A,Yes,Right,DATA2002,8,16,Always,Yes,8,Fourth year,60
High Distinction,draw up a schedule and work through it in planned stages,semester,19,no,A: Closest to the entrance,B: Middle,2,50,With parent(s) and/or sibling(s),Between 5 and 10 standard drinks,Yes,165,"Train, Bus",1,10,Casual,Tiktok,Female,9,8,1,0,5,7,A,Yes,Right,DATA2002,5,25,Always,Yes,9,Second year,87
High Distinction,do them immediately,semester,23,yes,C: Furthest from the entrance,A: Closest to the entrance,1,120,With parent(s) and/or sibling(s),I don't drink alcohol,Yes,179,"Bus, Walk, Bike",10,30,I don't currently work,Youtube,Male,6,1,5,NA,2,3,B,Yes,Right,DATA2002,3,0,Usually,Yes,2,Second year,75
High Distinction,draw up a schedule and work through it in planned stages,semester,20,no,C: Furthest from the entrance,C: Furthest from the entrance,3,85,With parent(s) and/or sibling(s),I don't drink alcohol,No,152.4,"Train, Car, Walk",5,16,Casual,Discord,Male,8.5,7,0,3,5,5,Q,Yes,Right,DATA2902,6,12,Always,No,9,Second year,78
Distinction,draw up a schedule and work through it in planned stages,semester,19,no,C: Furthest from the entrance,C: Furthest from the entrance,1,20,With parent(s) and/or sibling(s),I don't drink alcohol,Yes,175,Train,6,8,Part time,Tiktok,Female,6,4,2,0,7,7,M,Yes,Right,DATA2902,NA,10,Usually,Yes,6,Second year,60
Credit,do them immediately,semester,20,yes,C: Furthest from the entrance,A: Closest to the entrance,0,200,College or student accomodation,I don't drink alcohol,No,150,Walk,8,30,I don't currently work,Youtube,Female,6,6,1,0,10,10,O,No,Right,DATA2002,0,0,Always,Yes,7,Second year,78
Distinction,draw up a schedule and work through it in planned stages,semester,19,no,C: Furthest from the entrance,A: Closest to the entrance,0,60,With parent(s) and/or sibling(s),I don't drink alcohol,No,160.02,Walk,4,20,I don't currently work,Instagram,Female,8,8,1,0,3,3,P,No,Right,DATA2002,2,0,Always,Yes,9,Second year,74
High Distinction,cram at the last second,semester,19,yes,C: Furthest from the entrance,C: Furthest from the entrance,0,600,With partner,Between 5 and 10 standard drinks,Yes,185,I never travel to campus,5,5,Self employed,Instagram,NA,10,10,1,0,10,1,S,Yes,Right,DATA2002,7,10,Always,Yes,5,Second year,69
High Distinction,do them immediately,trimester,21,yes,C: Furthest from the entrance,A: Closest to the entrance,5,150,Alone,Less than 5 standard drinks,No,173,"Train, Walk",10,35,Self employed,Discord,Male,8,9,1,0,9,8,W,No,Right,DATA2902,15,0,Always,No,7,Third year,83
Distinction,do them immediately,semester,20,no,C: Furthest from the entrance,A: Closest to the entrance,0,200,With parent(s) and/or sibling(s),Less than 5 standard drinks,No,175,"Train, Walk",6,10,I don't currently work,Instagram,Male,8,5,1,0,1,6,I,Yes,Right,DATA2002,3,0,Usually,Yes,8,Second year,75
Distinction,do them immediately,semester,19,no,C: Furthest from the entrance,C: Furthest from the entrance,2,50,With parent(s) and/or sibling(s),I don't drink alcohol,No,155,"Train, Walk",9,25,Casual,Tiktok,Female,8,7,1,0,3,3,C,No,Right,DATA2002,3,10,Always,Yes,8,Second year,74
Distinction,draw up a schedule and work through it in planned stages,semester,19,yes,C: Furthest from the entrance,C: Furthest from the entrance,0,300,Share house,I don't drink alcohol,No,163,Walk,8,10,I don't currently work,Tiktok,Female,6,8,0,NA,7,7,C,No,Right,DATA2002,2,0,Always,Yes,2,Second year,72
High Distinction,do them immediately,semester,19,no,A: Closest to the entrance,A: Closest to the entrance,2,150,With parent(s) and/or sibling(s),I don't drink alcohol,Yes,170,Train,4,36,Part time,Discord,Male,8,8,1,1,5,3,A,Yes,Right,DATA2902,8,12,Always,Yes,9,Second year,78
High Distinction,draw up a schedule and work through it in planned stages,semester,19,no,C: Furthest from the entrance,B: Middle,NA,15,With parent(s) and/or sibling(s),I don't drink alcohol,No,182,Car,5,6,Casual,Youtube,Male,9,9,2,0,2,1,Q,Yes,Left,DATA2002,10,5,Always,Yes,7,Second year,85
Credit,draw up a schedule and work through it in planned stages,semester,22,no,C: Furthest from the entrance,C: Furthest from the entrance,7,100,With parent(s) and/or sibling(s),Less than 5 standard drinks,Yes,177.8,Bus,4,2,Casual,Instagram,Male,7,7,1,0,3,6,A,No,Right,DATA2002,2,15,Always,Yes,6,Fifth or higher year,65
Distinction,draw up a schedule and work through it in planned stages,semester,19,no,C: Furthest from the entrance,C: Furthest from the entrance,2,60,With parent(s) and/or sibling(s),I don't drink alcohol,No,163,"Train, Bus, Walk",10,10,I don't currently work,Twitter,Female,8,8,2,0,7,7,Z,Yes,Right,DATA2002,5,0,Always,Yes,6,Second year,55
High Distinction,draw up a schedule and work through it in planned stages,semester,23,yes,A: Closest to the entrance,B: Middle,NA,210,Share house,Less than 5 standard drinks,Yes,179,Walk,2,30,I don't currently work,Instagram,Male,6,3,1,0,8,3,NA,No,Right,DATA2002,0,0,Always,Yes,5,Second year,78
Distinction,cram at the last second,semester,20,no,C: Furthest from the entrance,B: Middle,NA,NA,College or student accomodation,Less than 5 standard drinks,Yes,162.56,Walk,9,NA,Casual,Tiktok,Female,7,1,1,0,5,8,Q,Yes,Left,DATA2902,7,NA,Always,Yes,9,Third year,75
Distinction,do them immediately,trimester,25,yes,C: Furthest from the entrance,A: Closest to the entrance,2,280,Share house,I don't drink alcohol,No,168,Tram,9,70,Part time,Other,Female,7,9,0,5,1,1,E,Yes,Right,DATA2002,2,60,Sometimes,Yes,6,Second year,75
Credit,cram at the last second,semester,20,no,C: Furthest from the entrance,C: Furthest from the entrance,3,60,With parent(s) and/or sibling(s),Between 5 and 10 standard drinks,Yes,170,"Train, Bus, Walk",9,7,Part time,Tiktok,Female,5,1,1,0,7,3,G,Yes,Right,DATA2002,3,25,Always,Yes,9,Second year,72
High Distinction,draw up a schedule and work through it in planned stages,semester,19,no,A: Closest to the entrance,A: Closest to the entrance,1,50,With parent(s) and/or sibling(s),I don't drink alcohol,Yes,155,"Train, Bus, Walk",7,6,Part time,Tiktok,Female,6,3,0,0,3,9,N,No,Right,DATA2902,1,10,Usually,Yes,7,Second year,83
Distinction,draw up a schedule and work through it in planned stages,semester,19,no,C: Furthest from the entrance,C: Furthest from the entrance,4,45,With parent(s) and/or sibling(s),I don't drink alcohol,Yes,182,Train,3,2,Casual,Instagram,Male,8,9,NA,0,9,9,G,Yes,Right,DATA2902,7,9,Always,Yes,6,Second year,77
High Distinction,cram at the last second,semester,19,no,C: Furthest from the entrance,C: Furthest from the entrance,4,NA,With parent(s) and/or sibling(s),Less than 5 standard drinks,Yes,175,Train,4,30,Casual,Instagram,Male,7,2,2,0,8,2,T,Yes,Right,DATA2902,6,16,Usually,Yes,6,Second year,80
High Distinction,draw up a schedule and work through it in planned stages,semester,19,yes,C: Furthest from the entrance,C: Furthest from the entrance,2,400,Sharing with one roommate,Less than 5 standard drinks,Yes,165,"Bus, Walk",7,25,Casual,Youtube,Male,6,1,1,1,8,8,E,Yes,Right,DATA2902,5,4,Always,Yes,8,Second year,89.4
High Distinction,draw up a schedule and work through it in planned stages,semester,19,no,A: Closest to the entrance,A: Closest to the entrance,2,0,With parent(s) and/or sibling(s),I don't drink alcohol,No,169,"Train, Car",3,20,I don't currently work,Instagram,Male,8,4,2,0,4,4,X,Yes,Right,DATA2902,2,0,Always,Yes,6,Second year,84
High Distinction,draw up a schedule and work through it in planned stages,semester,21,yes,C: Furthest from the entrance,B: Middle,6,120,College or student accomodation,I don't drink alcohol,Yes,166,Walk,5,10,Part time,Instagram,Female,7,5,1,0,5,5,A,Yes,Right,DATA2902,5,25,Usually,Yes,9,Second year,59.2
High Distinction,draw up a schedule and work through it in planned stages,semester,20,yes,A: Closest to the entrance,C: Furthest from the entrance,3,NA,College or student accomodation,Between 5 and 10 standard drinks,Yes,182,Walk,7,NA,Casual,NA,Male,8,4,2,0,7,4,S,Yes,Right,DATA2902,10,NA,Always,Yes,8,Second year,75
Credit,draw up a schedule and work through it in planned stages,semester,23,yes,A: Closest to the entrance,A: Closest to the entrance,0,300,With partner,Less than 5 standard drinks,Yes,175,Bus,4,28,I don't currently work,Instagram,Female,10,6,NA,0,6,6,Y,Yes,Right,DATA2002,2,0,Always,Yes,3,Third year,60
Credit,cram at the last second,semester,20,yes,C: Furthest from the entrance,A: Closest to the entrance,0,300,Share house,I don't drink alcohol,Yes,164,Train,7,4,Part time,Youtube,Female,5,3,1,1,4,4,G,No,Right,DATA2002,4,30,Usually,Yes,7,Second year,61
High Distinction,draw up a schedule and work through it in planned stages,semester,19,no,C: Furthest from the entrance,C: Furthest from the entrance,2,50,With parent(s) and/or sibling(s),I don't drink alcohol,No,163,Train,7,18,Part time,Instagram,Female,8,4,1,1,8,8,N,No,Right,DATA2902,0,26,Always,Yes,2,Second year,70
Distinction,cram at the last second,semester,21,yes,C: Furthest from the entrance,C: Furthest from the entrance,2,150,College or student accomodation,I don't drink alcohol,Yes,162,Walk,7,15,I don't currently work,Instagram,Female,8,4,1,0,6,6,R,No,Right,DATA2002,0,0,Usually,No,7,Second year,60
High Distinction,draw up a schedule and work through it in planned stages,semester,21,no,B: Middle,B: Middle,0,0,With parent(s) and/or sibling(s),I don't drink alcohol,Yes,170,Car,10,10,Casual,Other,Female,8,7,2,0,6,2,A,Yes,Left,DATA2902,7,0,Usually,Yes,10,Third year,84
High Distinction,draw up a schedule and work through it in planned stages,semester,20,no,C: Furthest from the entrance,A: Closest to the entrance,1,40,With parent(s) and/or sibling(s),Less than 5 standard drinks,Yes,161,"Train, Bus, Walk",10,50,Casual,Instagram,Female,7,5,0,2,5,4,C,Yes,Right,DATA2002,4,4,Always,Yes,9,Second year,75
Distinction,cram at the last second,semester,19,no,C: Furthest from the entrance,C: Furthest from the entrance,5,10,With parent(s) and/or sibling(s),I don't drink alcohol,No,176,Train,5,4,Part time,Other,Male,9,4,3,0,1,2,T,Yes,Left,DATA2002,5,12,Usually,Yes,6,Second year,66
High Distinction,do them immediately,semester,18,yes,A: Closest to the entrance,A: Closest to the entrance,NA,60,College or student accomodation,I don't drink alcohol,Yes,167,Walk,5,80,I don't currently work,Twitter,Male,8,8,1,7,1,1,W,No,Right,DATA2902,7,0,Always,Yes,10,Second year,87
High Distinction,cram at the last second,semester,18,yes,C: Furthest from the entrance,B: Middle,0,210,Share house,Less than 5 standard drinks,Yes,157,"Bus, Walk",6,3,I don't currently work,Tiktok,Female,8,6,2,0,2,9,N,Yes,Right,DATA2002,0,0,Always,Yes,8,Second year,76
Distinction,draw up a schedule and work through it in planned stages,semester,21,no,C: Furthest from the entrance,C: Furthest from the entrance,2,60,With parent(s) and/or sibling(s),I don't drink alcohol,Yes,157.48,"Train, Car, Walk",6,3,Part time,Instagram,Female,9,6,1,0,8,8,F,Yes,Right,DATA2002,3,24,Always,Yes,9,Fourth year,75
High Distinction,do them immediately,semester,19,no,C: Furthest from the entrance,C: Furthest from the entrance,6,75,With parent(s) and/or sibling(s),I don't drink alcohol,Yes,170,"Train, Walk",5,15,Casual,Other,Male,8,7,2,0,1,1,F,Yes,Right,DATA2002,1,10,Always,Yes,7,Second year,85
High Distinction,draw up a schedule and work through it in planned stages,semester,23,yes,C: Furthest from the entrance,C: Furthest from the entrance,NA,30,Alone,I don't drink alcohol,No,180,Bus,9,20,I don't currently work,Wechat,Male,7,4,0,1,9,9,X,No,Right,DATA2002,3,0,Always,Yes,5,Second year,80
High Distinction,do them immediately,semester,19,no,C: Furthest from the entrance,C: Furthest from the entrance,2,50,With parent(s) and/or sibling(s),Less than 5 standard drinks,Yes,172,Train,4,5,Self employed,Instagram,Female,7,7,1,0,3,8,M,Yes,Right,DATA2902,3,8,Always,Yes,7,Second year,84
High Distinction,draw up a schedule and work through it in planned stages,semester,19,no,A: Closest to the entrance,A: Closest to the entrance,0,15,With parent(s) and/or sibling(s),I don't drink alcohol,Yes,172,"Train, Walk",4,25,Casual,Instagram,Male,8,7,1,1,8,6,E,Yes,Right,DATA2902,5,7,Always,Yes,9,Second year,75
Distinction,cram at the last second,semester,22,yes,C: Furthest from the entrance,C: Furthest from the entrance,0,200,Share house,Less than 5 standard drinks,No,170,"Train, Bus, Walk",3,7,I don't currently work,Instagram,Male,7,3,2,2,7,7,R,Yes,Right,DATA2902,5,0,Always,Yes,8,Second year,70
High Distinction,do them immediately,semester,21,no,C: Furthest from the entrance,C: Furthest from the entrance,2,20,With parent(s) and/or sibling(s),I don't drink alcohol,Yes,178,"Train, Walk",5,4,I don't currently work,Tiktok,Male,8,8,2,1,8,8,N,Yes,Right,DATA2002,9,0,Always,Yes,8,Fourth year,73
High Distinction,cram at the last second,semester,18,no,C: Furthest from the entrance,B: Middle,NA,40,With parent(s) and/or sibling(s),Less than 5 standard drinks,Yes,173,"Train, Walk",3,20,Part time,Instagram,Female,7,8,1,NA,4,8,M,Yes,Right,DATA2902,18,20,Usually,Yes,7,First year,84
High Distinction,draw up a schedule and work through it in planned stages,semester,19,yes,C: Furthest from the entrance,B: Middle,0,20,With partner,I don't drink alcohol,Yes,165,"Train, Bus, Walk",6,30,I don't currently work,Tiktok,Female,8,8,2,3,6,6,J,No,Right,DATA2902,5,0,Always,Yes,8,Second year,88
Credit,draw up a schedule and work through it in planned stages,semester,22,yes,B: Middle,B: Middle,0,400,Alone,I don't drink alcohol,No,167,"Bus, Car",8,15,I don't currently work,Tiktok,Female,7,5,0,NA,8,8,V,No,Right,DATA2002,2,30,Always,Yes,3,Second year,60
High Distinction,draw up a schedule and work through it in planned stages,semester,22,yes,C: Furthest from the entrance,C: Furthest from the entrance,0,60,Share house,Less than 5 standard drinks,No,173,Bus,5,24,I don't currently work,Instagram,Male,7,7,0,NA,4,4,X,Yes,Right,DATA2002,1,0,Always,Yes,9,Second year,50
High Distinction,cram at the last second,semester,22,yes,C: Furthest from the entrance,C: Furthest from the entrance,2,20,With parent(s) and/or sibling(s),I don't drink alcohol,Yes,179,Train,7,12,I don't currently work,Youtube,NA,6,3,1,0,1,7,W,No,Right,DATA2002,1,0,Usually,Yes,5,Second year,72
High Distinction,draw up a schedule and work through it in planned stages,semester,19,yes,A: Closest to the entrance,C: Furthest from the entrance,0,200,Alone,Less than 5 standard drinks,Yes,170,Train,1,20,I don't currently work,Other,Male,8,10,1,0,3,3,X,Yes,Right,DATA2002,9,40,Always,Yes,6,Second year,60
High Distinction,do them immediately,semester,19,yes,A: Closest to the entrance,A: Closest to the entrance,0,0,With parent(s) and/or sibling(s),I don't drink alcohol,No,167,Train,3,25,I don't currently work,Youtube,Male,8,7,1,0,10,1,T,Yes,Right,DATA2002,5,0,Always,Yes,2,Second year,80
High Distinction,draw up a schedule and work through it in planned stages,semester,22,no,C: Furthest from the entrance,C: Furthest from the entrance,5,200,With parent(s) and/or sibling(s),Less than 5 standard drinks,Yes,172.72,"Train, Car, Walk",3,10,Casual,Instagram,Male,7,7,2,0,4,2,R,Yes,Right,DATA2002,10,25,Usually,No,9,Third year,75
Distinction,cram at the last second,semester,20,no,C: Furthest from the entrance,C: Furthest from the entrance,0,50,With parent(s) and/or sibling(s),I don't drink alcohol,Yes,170,"Train, Walk",8,NA,Casual,Discord,Female,8,8,1,0,7,2,L,Yes,Right,DATA2002,1,1.5,Usually,Yes,5,Second year,67
High Distinction,cram at the last second,semester,20,no,C: Furthest from the entrance,C: Furthest from the entrance,2,20,With parent(s) and/or sibling(s),Less than 5 standard drinks,No,186,Car,6,1,Casual,Instagram,Male,8,8,1,0,9,7,NA,Yes,Right,DATA2002,20,1,Always,Yes,7,Third year,81
High Distinction,do them immediately,semester,19,yes,C: Furthest from the entrance,C: Furthest from the entrance,0,100,College or student accomodation,More than 20 standard drinks,No,170,Walk,1,50,Casual,Instagram,Male,8,8,0,1,6,1,V,Yes,Right,DATA2002,15,20,Always,Yes,9,Second year,70
Distinction,draw up a schedule and work through it in planned stages,semester,20,yes,C: Furthest from the entrance,C: Furthest from the entrance,NA,50,Share house,I don't drink alcohol,Yes,159,"Train, Walk",7,NA,I don't currently work,NA,Female,7,7,2,NA,8,6,V,No,Right,DATA2002,NA,NA,Always,Yes,9,Second year,75
Distinction,cram at the last second,semester,20,no,C: Furthest from the entrance,C: Furthest from the entrance,3,NA,With parent(s) and/or sibling(s),Less than 5 standard drinks,No,175,"Train, Bus, Walk",2,NA,Casual,Instagram,Male,6,1,1,1,9,9,E,Yes,Left,DATA2902,4,20,Usually,Yes,5,Third year,75
Distinction,draw up a schedule and work through it in planned stages,semester,19,no,C: Furthest from the entrance,C: Furthest from the entrance,2,30,With parent(s) and/or sibling(s),Less than 5 standard drinks,Yes,154,Train,6,10,Casual,Tiktok,Female,9,7,1,0,4,8,B,Yes,Right,DATA2002,4,13,Always,Yes,8,First year,87
Fail,cram at the last second,trimester,20,yes,C: Furthest from the entrance,B: Middle,10,250,With parent(s) and/or sibling(s),I don't drink alcohol,No,152.4,"Train, I never travel to campus",10,5,I don't currently work,Other,Male,9,10,NA,1,1,1,K,No,Ambidextrous,DATA2002,11,40,Never,Yes,4,Third year,52
High Distinction,cram at the last second,semester,20,no,C: Furthest from the entrance,B: Middle,4,150,With parent(s) and/or sibling(s),Less than 5 standard drinks,No,NA,"Train, Walk",7,46,Casual,Youtube,Male,7,3,0,0,4,9,Y,Yes,Right,DATA2902,0,5,Usually,Yes,7,Third year,89
High Distinction,draw up a schedule and work through it in planned stages,semester,20,yes,B: Middle,B: Middle,3,150,Share house,Less than 5 standard drinks,Yes,180,Train,2,20,I don't currently work,Wechat,Male,8,7,0,NA,7,7,X,No,Right,DATA2002,5,NA,Always,Yes,8,Second year,75
High Distinction,draw up a schedule and work through it in planned stages,semester,20,yes,A: Closest to the entrance,C: Furthest from the entrance,2,40,College or student accomodation,I don't drink alcohol,Yes,170,Walk,7,20,I don't currently work,Twitter,Male,7,2,1,0,1,3,S,No,Right,DATA2002,4,0,Usually,Yes,8,Second year,86
High Distinction,do them immediately,trimester,19,yes,C: Furthest from the entrance,C: Furthest from the entrance,3,350,Alone,I don't drink alcohol,Yes,177,Car,10,65,Casual,Other,NA,7,3,1,2,2,8,E,Yes,Right,DATA2002,5,6,Always,Yes,8,First year,91.25
High Distinction,draw up a schedule and work through it in planned stages,semester,20,no,C: Furthest from the entrance,A: Closest to the entrance,3,50,With parent(s) and/or sibling(s),I don't drink alcohol,Yes,178,Train,4,5,I don't currently work,Twitter,Male,8,10,0,0,7,7,J,Yes,Right,DATA2002,5,0,Always,No,8,Second year,78
Distinction,cram at the last second,semester,20,no,B: Middle,B: Middle,0,700,With parent(s) and/or sibling(s),Less than 5 standard drinks,Yes,170,Walk,4,13,I don't currently work,Instagram,Male,9,8,3,1,4,7,L,Yes,Right,DATA2002,3,0,Always,Yes,7,Second year,75
Fail,cram at the last second,semester,20,no,B: Middle,C: Furthest from the entrance,5,10,With parent(s) and/or sibling(s),Less than 5 standard drinks,No,175,"Train, Walk",8,6,I don't currently work,Instagram,Male,7,3,1,2,7,7,D,Yes,Right,DATA2002,8,0,Usually,No,8,Third year,75
High Distinction,cram at the last second,semester,20,yes,C: Furthest from the entrance,C: Furthest from the entrance,NA,130,Share house,I don't drink alcohol,Yes,163,"Train, Bus, Walk",8,18,I don't currently work,Wechat,Female,8,6,1,2,7,7,A,No,Right,DATA2002,7,NA,Always,Yes,6,Second year,84
High Distinction,draw up a schedule and work through it in planned stages,NA,22,yes,C: Furthest from the entrance,C: Furthest from the entrance,2,500,Alone,Less than 5 standard drinks,Yes,152.4,Walk,5,55,I don't currently work,Instagram,NA,6,5,0,1,1,9,A,Yes,Right,DATA2902,10,0,Usually,Yes,6,Third year,82
High Distinction,draw up a schedule and work through it in planned stages,semester,19,yes,C: Furthest from the entrance,A: Closest to the entrance,1,50,With parent(s) and/or sibling(s),Less than 5 standard drinks,Yes,165,Bus,10,25,I don't currently work,Instagram,Female,6,6,0,0,4,2,A,Yes,Right,DATA2002,3,0,Usually,Yes,10,Second year,82
Distinction,draw up a schedule and work through it in planned stages,trimester,19,yes,B: Middle,B: Middle,0,500,Share house,I don't drink alcohol,Yes,176,Train,7,31,I don't currently work,Wechat,Male,8,7,1,NA,9,7,A,Yes,Right,DATA2002,5,NA,Always,Yes,8,Second year,75
High Distinction,cram at the last second,semester,19,yes,C: Furthest from the entrance,B: Middle,4,100,College or student accomodation,Less than 5 standard drinks,Yes,182,Walk,5,10,I don't currently work,Instagram,Male,8,4,0,0,8,8,T,No,Right,DATA2002,8,0,Usually,Yes,10,Second year,68
High Distinction,do them immediately,semester,20,yes,C: Furthest from the entrance,C: Furthest from the entrance,2,150,College or student accomodation,I don't drink alcohol,Yes,174,Walk,7,40,Part time,Other,Female,8,4,1,1,1,1,A,Yes,Right,DATA2002,4,2,Always,No,8,Second year,67
Distinction,draw up a schedule and work through it in planned stages,semester,20,yes,C: Furthest from the entrance,C: Furthest from the entrance,2,100,With parent(s) and/or sibling(s),Between 5 and 10 standard drinks,Yes,152.4,Walk,6,15,Casual,Instagram,Female,7,8,1,0,1,1,A,Yes,Left,DATA2002,0,10,Always,Yes,10,Second year,70
Distinction,draw up a schedule and work through it in planned stages,semester,22,no,C: Furthest from the entrance,C: Furthest from the entrance,5,50,With parent(s) and/or sibling(s),Less than 5 standard drinks,Yes,188,Train,4,10,Casual,Youtube,Male,7,5,1,0,6,6,V,Yes,Right,DATA2002,10,20,Always,Yes,8,Third year,65
High Distinction,cram at the last second,semester,22,yes,C: Furthest from the entrance,C: Furthest from the entrance,NA,200,College or student accomodation,Less than 5 standard drinks,NA,172,"Bus, Walk",5,35,I don't currently work,NA,Male,5,6,0,0,8,6,Z,Yes,Left,DATA2002,2,0,Usually,Yes,7,Third year,80.4
Distinction,draw up a schedule and work through it in planned stages,semester,18,yes,B: Middle,B: Middle,2,100,Alone,Less than 5 standard drinks,No,155,Walk,10,24,I don't currently work,Youtube,Female,7,7,0,1,3,7,ITALICIZED,No,Right,DATA2002,1,0,Always,Yes,8,First year,78.3
Distinction,draw up a schedule and work through it in planned stages,NA,22,yes,C: Furthest from the entrance,C: Furthest from the entrance,10,300,College or student accomodation,Between 15 and 20 standard drinks,Yes,194,Walk,1,30,I don't currently work,Instagram,Male,8,10,2,5,9,4,J,Yes,Right,DATA2002,6,0,Always,No,7,Third year,90
Distinction,do them immediately,semester,19,no,C: Furthest from the entrance,C: Furthest from the entrance,2,100,With parent(s) and/or sibling(s),Less than 5 standard drinks,Yes,183,"Train, Walk",7,10,Casual,Other,Male,7,8,1,3,7,3,E,Yes,Right,DATA2002,3,12,Usually,Yes,7,Second year,74
High Distinction,draw up a schedule and work through it in planned stages,trimester,32,no,A: Closest to the entrance,A: Closest to the entrance,6,500,With partner,Less than 5 standard drinks,No,182,"Train, Bus, Walk",5,20,Full time,Youtube,Male,7,5,2,2,10,7,M,Yes,Right,DATA2902,4,35,Always,Yes,9,Fifth or higher year,80
High Distinction,draw up a schedule and work through it in planned stages,semester,22,no,C: Furthest from the entrance,C: Furthest from the entrance,2,60,With parent(s) and/or sibling(s),I don't drink alcohol,Yes,177,Train,3,6,Casual,Other,Male,8,7,1,1,9,6,Y,Yes,Left,DATA2902,8,7,Always,Yes,6,Fourth year,75
Distinction,cram at the last second,semester,20,no,A: Closest to the entrance,C: Furthest from the entrance,3,NA,With parent(s) and/or sibling(s),More than 20 standard drinks,Yes,178,"Bus, I never travel to campus",1,1,I don't currently work,Youtube,Male,7,8,1,0,2,7,L,Yes,Right,DATA2002,3,0,Usually,Yes,6,Second year,70
Distinction,do them immediately,semester,19,no,A: Closest to the entrance,A: Closest to the entrance,3,80,With parent(s) and/or sibling(s),Less than 5 standard drinks,Yes,183,Walk,7,15,Casual,Instagram,Male,6,1,5,2,5,8,Y,Yes,Right,DATA2902,0,4,Always,Yes,6,Second year,79
High Distinction,do them immediately,semester,20,no,C: Furthest from the entrance,A: Closest to the entrance,2,40,With parent(s) and/or sibling(s),Less than 5 standard drinks,No,175,"Train, Bus, Walk",6,20,Casual,Other,Male,8,3,1,0,10,10,S,Yes,Right,DATA2902,3,15,Always,Yes,10,Second year,81
High Distinction,do them immediately,semester,19,no,B: Middle,C: Furthest from the entrance,0,30,With parent(s) and/or sibling(s),I don't drink alcohol,No,149,Train,9,15,Self employed,Tiktok,Female,6,6,1,1,8,4,L,Yes,Right,DATA2002,3,0,Always,Yes,5,Second year,78
High Distinction,draw up a schedule and work through it in planned stages,semester,19,yes,A: Closest to the entrance,A: Closest to the entrance,2,NA,NA,I don't drink alcohol,Yes,170,"Train, Bus",NA,NA,I don't currently work,Other,Male,8,8,1,0,8,2,B,No,Right,DATA2002,NA,NA,Usually,Yes,NA,Second year,75
High Distinction,do them immediately,semester,19,yes,C: Furthest from the entrance,C: Furthest from the entrance,0,100,Alone,I don't drink alcohol,Yes,175,Walk,8,7,I don't currently work,Instagram,Female,7,7,0,4,6,6,S,No,Right,DATA2002,3,0,Always,Yes,8,First year,82
High Distinction,do them immediately,semester,19,yes,B: Middle,B: Middle,0,200,Alone,I don't drink alcohol,Yes,177,"Train, Bus, Walk",5,20,I don't currently work,Instagram,Male,8,8,2,3,6,6,K,Yes,Right,DATA2002,10,0,Always,Yes,5,Second year,90
High Distinction,draw up a schedule and work through it in planned stages,semester,20,no,C: Furthest from the entrance,C: Furthest from the entrance,7,50,With parent(s) and/or sibling(s),Less than 5 standard drinks,Yes,182,"Train, Car",4,3,Casual,Instagram,Male,7,7,3,0,6,4,M,Yes,Right,DATA2002,15,20,Always,Yes,8,Second year,80
Credit,cram at the last second,semester,19,yes,A: Closest to the entrance,A: Closest to the entrance,0,200,College or student accomodation,I don't drink alcohol,No,170,Walk,7,20,I don't currently work,Other,Female,7,5,3,2,5,3,NA,No,Right,DATA2002,5,0,Always,No,6,Second year,70
Fail,do them immediately,semester,19,no,C: Furthest from the entrance,B: Middle,10,50,With parent(s) and/or sibling(s),I don't drink alcohol,No,180,"Train, Bus, Walk",6,30,Self employed,Instagram,Male,8,7,1,0,6,5,Y,Yes,Right,DATA2002,6,5,Always,Yes,7,Second year,77
High Distinction,draw up a schedule and work through it in planned stages,semester,19,no,C: Furthest from the entrance,C: Furthest from the entrance,4,70,With parent(s) and/or sibling(s),Less than 5 standard drinks,No,171,"Train, Bus, Walk",2,12,Casual,Instagram,Male,9,9,1,0,1,5,C,Yes,Right,DATA2902,3,8,Always,Yes,9,Second year,89.7
Distinction,draw up a schedule and work through it in planned stages,semester,21,yes,C: Furthest from the entrance,C: Furthest from the entrance,0,300,Share house,I don't drink alcohol,No,173,"Train, Bus, Walk",1,30,Casual,Tiktok,Male,8,4,2,1,4,6,U,Yes,Right,DATA2002,14,20,Always,Yes,8,Fourth year,75
High Distinction,draw up a schedule and work through it in planned stages,semester,20,yes,A: Closest to the entrance,A: Closest to the entrance,0,80,With partner,I don't drink alcohol,Yes,166,"Train, Bus, Car, Walk",4,5,Part time,Instagram,Female,9,8,1,NA,1,1,L,Yes,Right,DATA2002,5,10,Always,Yes,7,Second year,85
High Distinction,draw up a schedule and work through it in planned stages,semester,20,no,C: Furthest from the entrance,A: Closest to the entrance,2,80,College or student accomodation,Between 15 and 20 standard drinks,Yes,170,Walk,5,20,Casual,Tiktok,Female,8,6,2,0,5,10,K,Yes,Left,DATA2902,5,20,Always,Yes,7,Second year,80
High Distinction,draw up a schedule and work through it in planned stages,semester,19,yes,A: Closest to the entrance,A: Closest to the entrance,1,100,With partner,Less than 5 standard drinks,Yes,175,"Bus, Walk",4,5,I don't currently work,Instagram,Female,5,3,1,0,5,5,D,Yes,Left,DATA2902,2,0,Always,Yes,8,Second year,75
Credit,cram at the last second,semester,21,no,C: Furthest from the entrance,C: Furthest from the entrance,2,100,With parent(s) and/or sibling(s),I don't drink alcohol,No,185,"Bus, Walk",2,2,Contractor,Other,Male,7,6,2,1,2,7,J,Yes,Right,DATA2902,1,9,Always,Yes,8,Fourth year,75
Distinction,draw up a schedule and work through it in planned stages,semester,20,yes,A: Closest to the entrance,B: Middle,1,100,Share house,I don't drink alcohol,No,168,Train,5,25,I don't currently work,Instagram,Female,7,5,0,3,3,3,A,Yes,Right,DATA2002,2,0,Always,Yes,8,Second year,60
High Distinction,draw up a schedule and work through it in planned stages,semester,20,yes,C: Furthest from the entrance,C: Furthest from the entrance,0,70,Share house,Less than 5 standard drinks,Yes,165,"Train, Bus, Walk",5,35,Casual,Instagram,Female,9,9,0,1,2,2,H,Yes,Right,DATA2902,6,15,Always,Yes,9,Second year,84.1
High Distinction,cram at the last second,semester,21,no,A: Closest to the entrance,A: Closest to the entrance,2,100,With partner,Less than 5 standard drinks,Yes,169,Train,5,10,Part time,Tiktok,Male,6,4,0,1,6,6,F,Yes,Right,DATA2902,2,20,Usually,Yes,8,Fourth year,86
High Distinction,draw up a schedule and work through it in planned stages,trimester,19,yes,C: Furthest from the entrance,B: Middle,11,100,Share house,I don't drink alcohol,No,167,"Train, Bus",1,0,Casual,Instagram,Male,8,8,2,0,1,7,D,Yes,Right,DATA2002,0,12,Always,Yes,9,Third year,100
Credit,draw up a schedule and work through it in planned stages,semester,21,no,C: Furthest from the entrance,C: Furthest from the entrance,0,150,With parent(s) and/or sibling(s),Between 10 and 15 standard drinks,Yes,152.4,Car,6,10,Self employed,Instagram,Female,8,5,1,0,5,5,L,Yes,Right,DATA2002,3,10,Always,Yes,7,Fourth year,80
High Distinction,draw up a schedule and work through it in planned stages,semester,22,yes,C: Furthest from the entrance,B: Middle,0,200,College or student accomodation,Less than 5 standard drinks,No,174,Walk,10,30,Part time,Instagram,Male,7,2,1,2,7,7,J,Yes,Right,DATA2002,5,12,Always,Yes,8,Second year,87.3
Distinction,cram at the last second,semester,20,no,C: Furthest from the entrance,A: Closest to the entrance,3,250,With parent(s) and/or sibling(s),Between 10 and 15 standard drinks,No,165,"Train, Bus, Ferry",3,5,I don't currently work,Instagram,Female,7,9,1,0,4,4,E,Yes,Left,DATA2002,4,3,Always,Yes,8,Second year,80
Distinction,cram at the last second,semester,20,no,C: Furthest from the entrance,C: Furthest from the entrance,3,280,With parent(s) and/or sibling(s),Less than 5 standard drinks,Yes,186,"Train, Walk",7,8,Casual,Discord,Male,7,1,0,0,6,3,A,Yes,Right,DATA2002,0,4,Usually,Yes,8,Third year,65
Fail,cram at the last second,NA,22,yes,B: Middle,C: Furthest from the entrance,5,150,Share house,I don't drink alcohol,No,188,Train,1,4,Casual,Instagram,Male,8,10,2,1,3,3,X,Yes,Right,DATA2002,15,25,Never,Yes,5,Third year,65
Distinction,cram at the last second,semester,22,yes,B: Middle,C: Furthest from the entrance,2,80,Share house,Between 10 and 15 standard drinks,Yes,177,"Train, Bus",7,8,I don't currently work,Youtube,Male,5,3,0,0,6,7,Z,No,Right,DATA2002,8,0,Usually,Yes,6,Third year,58
Distinction,cram at the last second,semester,20,no,C: Furthest from the entrance,C: Furthest from the entrance,8,30,With parent(s) and/or sibling(s),Less than 5 standard drinks,No,157,"Train, Bus, Walk",8,15,Casual,Instagram,Female,8,5,3,1,6,6,A,No,Right,DATA2002,3,15,Sometimes,Yes,9,Second year,65
High Distinction,do them immediately,semester,25,no,C: Furthest from the entrance,C: Furthest from the entrance,0,300,With parent(s) and/or sibling(s),Between 5 and 10 standard drinks,No,152.4,"Train, Bus, Walk",10,10,Full time,Tiktok,Female,10,10,1,0,1,3,C,Yes,Right,DATA2002,1,40,Always,Yes,10,Fifth or higher year,92.5
Distinction,draw up a schedule and work through it in planned stages,trimester,20,no,A: Closest to the entrance,B: Middle,1,140,College or student accomodation,I don't drink alcohol,Yes,185,Walk,4,24,I don't currently work,Other,Male,7,4,2,1,9,9,O,Yes,Right,DATA2002,7,0,Always,Yes,4,Second year,75
Credit,draw up a schedule and work through it in planned stages,semester,23,yes,B: Middle,C: Furthest from the entrance,0,NA,Share house,Less than 5 standard drinks,Yes,175,Bus,2,10,I don't currently work,Wechat,Male,8,8,1,0,7,9,S,Yes,Right,DATA2002,8,0,Always,No,5,Second year,75
High Distinction,draw up a schedule and work through it in planned stages,semester,21,yes,C: Furthest from the entrance,C: Furthest from the entrance,0,100,Share house,Less than 5 standard drinks,Yes,NA,Train,6,25,Part time,Tiktok,Male,7,8,0,13,8,8,S,No,Right,DATA2002,14,28,Always,Yes,8,Second year,79
High Distinction,cram at the last second,semester,19,no,B: Middle,B: Middle,3,20,With parent(s) and/or sibling(s),I don't drink alcohol,Yes,180,"Train, Walk",5,5,I don't currently work,Youtube,Male,10,3,6,0,3,7,M,Yes,Ambidextrous,DATA2002,0,0,Usually,Yes,6,Second year,60
Pass,cram at the last second,semester,20,no,C: Furthest from the entrance,C: Furthest from the entrance,NA,300,Alone,Less than 5 standard drinks,Yes,NA,Train,3,7,I don't currently work,NA,Male,8,NA,0,0,6,3,S,No,Right,DATA2002,7,NA,Always,Yes,NA,Second year,75
Distinction,cram at the last second,semester,20,no,B: Middle,C: Furthest from the entrance,3,200,With parent(s) and/or sibling(s),I don't drink alcohol,Yes,166,Bus,7,NA,I don't currently work,NA,Male,8,1,0,1,9,5,M,Yes,Right,DATA2002,0,0,Sometimes,Yes,1,Second year,75
Distinction,draw up a schedule and work through it in planned stages,semester,20,yes,C: Furthest from the entrance,C: Furthest from the entrance,2,200,With partner,I don't drink alcohol,Yes,188,Walk,7,48,I don't currently work,Wechat,Male,8,7,NA,0,6,6,C,No,Right,DATA2002,5,0,Always,Yes,7,Second year,73
High Distinction,cram at the last second,semester,19,yes,B: Middle,A: Closest to the entrance,0,187.45,Alone,Less than 5 standard drinks,Yes,185,"Train, Bus, Walk",3,50,I don't currently work,Other,Male,8,5,0,0,6,5,W,No,Ambidextrous,DATA2002,10,40,Always,Yes,6,Second year,83
Distinction,do them immediately,semester,22,yes,C: Furthest from the entrance,C: Furthest from the entrance,1,40,With partner,I don't drink alcohol,Yes,181,Car,1,5,Full time,Instagram,Male,9,7,0,4,6,6,C,Yes,Right,DATA2002,1,2,Always,Yes,1,Second year,75
High Distinction,cram at the last second,semester,20,no,A: Closest to the entrance,C: Furthest from the entrance,5,40,With parent(s) and/or sibling(s),Between 5 and 10 standard drinks,Yes,181,"Bus, Tram",7,20,Casual,Youtube,Male,9,5,1,0,5,8,Y,Yes,Right,DATA2002,15,20,Usually,Yes,7,Second year,75
High Distinction,draw up a schedule and work through it in planned stages,semester,21,yes,A: Closest to the entrance,A: Closest to the entrance,0,400,With partner,Less than 5 standard drinks,Yes,168,Walk,9,15,Casual,Instagram,Female,7,7,1,NA,5,5,A,No,Right,DATA2002,2,10,Always,No,9,Second year,82
Credit,draw up a schedule and work through it in planned stages,semester,20,yes,C: Furthest from the entrance,B: Middle,NA,200,Share house,I don't drink alcohol,Yes,175,Train,5,32,Casual,Wechat,Male,8,7,2,0,2,10,A,Yes,Right,DATA2002,4,3,Always,Yes,8,Second year,83
High Distinction,do them immediately,semester,20,yes,C: Furthest from the entrance,C: Furthest from the entrance,2,200,2 friends,I don't drink alcohol,No,180,Bus,8,30,I don't currently work,Wechat,Male,8,7,1,4,9,5,Y,No,Right,DATA2002,14,0,Always,Yes,6,Second year,75
High Distinction,draw up a schedule and work through it in planned stages,semester,22,yes,C: Furthest from the entrance,B: Middle,0,210,Alone,Less than 5 standard drinks,Yes,178,"Bus, Walk",10,50,I don't currently work,NA,Male,9,5,5,NA,9,6,A,No,Ambidextrous,DATA2002,3,0,Always,Yes,9,Second year,75
Distinction,cram at the last second,semester,22,yes,C: Furthest from the entrance,C: Furthest from the entrance,3,200,Alone,Between 5 and 10 standard drinks,No,180,Train,7,15,Casual,Instagram,Male,8,3,1,0,5,7,X,Yes,Left,DATA2002,4,24,Usually,Yes,3,Third year,80
Distinction,do them immediately,semester,21,yes,C: Furthest from the entrance,C: Furthest from the entrance,0,300,With partner,I don't drink alcohol,Yes,175,"Train, Bus, Car, Walk",3,12,I don't currently work,Wechat,Male,10,9,0,1,6,6,A,No,Ambidextrous,DATA2002,1,0,Always,Yes,6,Second year,65
Distinction,cram at the last second,semester,20,yes,C: Furthest from the entrance,B: Middle,0,360,Share house,I don't drink alcohol,Yes,165,Train,8,12,I don't currently work,Wechat,Female,6,1,1,0,7,7,D,No,Right,DATA2002,1,0,Usually,Yes,4,Second year,65
High Distinction,do them immediately,semester,19,yes,C: Furthest from the entrance,A: Closest to the entrance,0,50,With parent(s) and/or sibling(s),I don't drink alcohol,Yes,175,Walk,5,12,I don't currently work,Other,Male,4,2,1,0,7,6,O,No,Right,DATA2002,0,0,Usually,Yes,5,Second year,70
Distinction,draw up a schedule and work through it in planned stages,semester,20,yes,C: Furthest from the entrance,C: Furthest from the entrance,0,500,With partner,Less than 5 standard drinks,Yes,170,Walk,6,35,I don't currently work,Tiktok,Female,10,4,0,1,9,10,A,No,Right,DATA2002,2,0,Always,Yes,9,Second year,72
High Distinction,draw up a schedule and work through it in planned stages,semester,19,yes,A: Closest to the entrance,A: Closest to the entrance,1,150,Share house,Less than 5 standard drinks,No,175,"Bus, Walk",2,42,I don't currently work,Other,Male,7,8,1,0,5,9,L,No,Right,DATA2002,7,5,Always,Yes,8,Second year,82
High Distinction,do them immediately,semester,19,yes,C: Furthest from the entrance,C: Furthest from the entrance,0,10,Alone,I don't drink alcohol,No,192,Train,5,20,I don't currently work,Other,Male,7,9,1,0,7,7,A,Yes,Right,DATA2002,0,0,Usually,Yes,5,Second year,64
High Distinction,do them immediately,semester,19,yes,C: Furthest from the entrance,C: Furthest from the entrance,0,NA,With partner,I don't drink alcohol,No,188,Train,10,40,I don't currently work,Other,Male,8,NA,0,3,10,6,A,Yes,Right,DATA2002,1,0,Always,Yes,8,First year,61
Pass,cram at the last second,semester,18,yes,C: Furthest from the entrance,C: Furthest from the entrance,NA,80,With partner,I don't drink alcohol,Yes,NA,Walk,6,NA,I don't currently work,Wechat,Male,12,8,2,1,3,5,C,No,Right,DATA2002,NA,NA,Always,No,5,First year,75
Distinction,draw up a schedule and work through it in planned stages,semester,19,yes,C: Furthest from the entrance,C: Furthest from the entrance,1,10,College or student accomodation,Less than 5 standard drinks,Yes,178,Walk,6,7,I don't currently work,Wechat,Male,7,5,1,2,1,1,T,No,Right,DATA2002,5,0,Always,Yes,6,Second year,70
Credit,cram at the last second,semester,19,yes,C: Furthest from the entrance,B: Middle,0,800,With parent(s) and/or sibling(s),Less than 5 standard drinks,Yes,175,Bus,8,25,I don't currently work,Tiktok,Female,12,6,1,0,5,5,Y,Yes,Right,DATA2002,7,0,Always,Yes,8,Second year,75
High Distinction,draw up a schedule and work through it in planned stages,semester,22,no,A: Closest to the entrance,B: Middle,100,20,With parent(s) and/or sibling(s),I don't drink alcohol,Yes,173,"Train, Walk",5,40,I don't currently work,Instagram,Male,7,6,0,0,4,4,J,Yes,Right,DATA2002,NA,0,Always,Yes,10,Fourth year,78.5
Distinction,draw up a schedule and work through it in planned stages,semester,20,yes,C: Furthest from the entrance,C: Furthest from the entrance,0,100,Share house,Less than 5 standard drinks,No,180,Train,6,55,I don't currently work,Twitter,Male,7,8,0,5,10,8,L,No,Right,DATA2002,30,0,Always,Yes,9,Second year,75
High Distinction,cram at the last second,semester,19,yes,C: Furthest from the entrance,C: Furthest from the entrance,0,200,With partner,I don't drink alcohol,Yes,175,Train,7,20,I don't currently work,Wechat,NA,7,3,NA,1,6,6,A,Yes,Right,DATA2002,3,0,Always,Yes,7,Second year,75
Credit,draw up a schedule and work through it in planned stages,semester,20,yes,C: Furthest from the entrance,C: Furthest from the entrance,0,200,Alone,I don't drink alcohol,Yes,183,"Train, Walk",5,70,Full time,Twitter,Male,8,5,2,0,7,7,A,Yes,Right,DATA2002,5,50,Always,Yes,5,Second year,63
High Distinction,cram at the last second,semester,20,no,A: Closest to the entrance,A: Closest to the entrance,0,100,With parent(s) and/or sibling(s),Less than 5 standard drinks,Yes,182.88,Bus,4,4,Full time,Other,Male,6,1,3,0,7,7,S,Yes,Left,DATA2002,10,6.75,Always,No,10,Third year,80
Pass,do them immediately,semester,20,yes,C: Furthest from the entrance,C: Furthest from the entrance,0,200,With partner,I don't drink alcohol,Yes,170,"Train, Walk",9,14,I don't currently work,Other,Male,8,2,1,0,6,6,A,Yes,Right,DATA2002,1,0,Always,Yes,2,Second year,75
High Distinction,draw up a schedule and work through it in planned stages,semester,19,yes,C: Furthest from the entrance,B: Middle,1,500,Alone,Between 5 and 10 standard drinks,Yes,168,Car,2,6,I don't currently work,Tiktok,Female,9,7,0,4,2,2,D,Yes,Right,DATA2002,2,0,Always,Yes,7,Second year,75
Distinction,draw up a schedule and work through it in planned stages,semester,21,yes,C: Furthest from the entrance,C: Furthest from the entrance,0,150,Share house,Less than 5 standard drinks,Yes,187,Bus,6,30,I don't currently work,Twitter,Male,8,8,0,NA,7,7,J,Yes,Right,DATA2002,5,NA,Usually,Yes,7,Third year,70
High Distinction,draw up a schedule and work through it in planned stages,semester,18,yes,C: Furthest from the entrance,C: Furthest from the entrance,0,70,College or student accomodation,I don't drink alcohol,Yes,152.4,"Bus, Walk, Tram",9,20,Casual,Instagram,NA,8,4,1,0,2,2,P,No,Right,DATA2002,2,19,Always,No,8,Second year,79
Distinction,draw up a schedule and work through it in planned stages,semester,19,no,C: Furthest from the entrance,C: Furthest from the entrance,1,10,College or student accomodation,Less than 5 standard drinks,Yes,178,Walk,5,10,I don't currently work,Wechat,Male,7,5,1,2,5,4,T,No,Right,DATA2002,7,0,Usually,Yes,6,Second year,70
Credit,draw up a schedule and work through it in planned stages,semester,20,yes,C: Furthest from the entrance,C: Furthest from the entrance,0,200,With partner,Less than 5 standard drinks,Yes,162,"Train, Bus, Car, Walk",3,5,Casual,Other,Female,10,9,1,0,7,7,C,Yes,Right,DATA2002,10,11,Always,Yes,7,Second year,66
High Distinction,cram at the last second,semester,19,yes,C: Furthest from the entrance,B: Middle,0,50,Share house,I don't drink alcohol,Yes,176,Walk,6,15,I don't currently work,Other,Male,9,3,0,0,2,2,K,No,Right,DATA2002,8,0,Usually,Yes,8,Second year,66
High Distinction,draw up a schedule and work through it in planned stages,semester,19,yes,C: Furthest from the entrance,B: Middle,0,150,Alone,I don't drink alcohol,Yes,174,Walk,7,45,Full time,NA,Male,9,7,4,1,7,7,NA,Yes,Right,DATA2002,1,0,Always,No,4,Second year,90
High Distinction,cram at the last second,semester,19,yes,B: Middle,B: Middle,2,210,College or student accomodation,I don't drink alcohol,Yes,165,Walk,4,45,I don't currently work,Wechat,Female,8,3,3,0,8,9,S,Yes,Right,DATA2002,2,0,Always,Yes,2,First year,84.5
Credit,cram at the last second,trimester,20,yes,B: Middle,B: Middle,0,300,Alone,I don't drink alcohol,Yes,175,Walk,1,12,Casual,Tiktok,Male,9,5,1,0,7,7,A,No,Right,DATA2002,2,0,Usually,Yes,6,First year,75
High Distinction,do them immediately,semester,21,yes,C: Furthest from the entrance,C: Furthest from the entrance,0,1000,Share house,I don't drink alcohol,Yes,NA,Walk,10,50,I don't currently work,Wechat,Male,7,10,0,0,10,10,HD,Yes,Right,DATA2002,0,0,Always,Yes,5,Second year,72
High Distinction,draw up a schedule and work through it in planned stages,semester,21,yes,C: Furthest from the entrance,C: Furthest from the entrance,3,200,Share house,Less than 5 standard drinks,No,169,"Train, Bus, Walk",3,24,Casual,Instagram,Female,8,10,2,0,6,6,M,Yes,Right,DATA2002,3,22.5,Always,Yes,10,Second year,78
Distinction,draw up a schedule and work through it in planned stages,semester,20,yes,C: Furthest from the entrance,C: Furthest from the entrance,1,400,College or student accomodation,I don't drink alcohol,Yes,183,"Train, Bus, Walk",8,30,I don't currently work,Wechat,Male,8,4,1,2,8,6,A,Yes,Right,DATA2002,4,0,Always,Yes,7,Second year,63
High Distinction,draw up a schedule and work through it in planned stages,semester,19,yes,C: Furthest from the entrance,C: Furthest from the entrance,0,500,Alone,Less than 5 standard drinks,Yes,166,Walk,3,55,I don't currently work,Wechat,Female,8,7,0,2,6,2,S,No,Right,DATA2002,30,0,Always,Yes,6,Second year,67.13
High Distinction,do them immediately,semester,19,yes,C: Furthest from the entrance,B: Middle,0,200,Alone,I don't drink alcohol,Yes,165,"Bus, Walk",9,45,I don't currently work,Instagram,Female,5,2,0,0,7,3,D,No,Right,DATA2002,10,NA,Usually,Yes,8,Second year,73.8
High Distinction,do them immediately,semester,19,no,C: Furthest from the entrance,C: Furthest from the entrance,2,20,With parent(s) and/or sibling(s),Less than 5 standard drinks,No,167,Train,6,20,Casual,Youtube,Male,8,3,0,0,1,7,C,Yes,Right,DATA2902,6,12,Always,Yes,9,Second year,85
High Distinction,draw up a schedule and work through it in planned stages,semester,21,no,B: Middle,C: Furthest from the entrance,0,250,Share house,Less than 5 standard drinks,Yes,178,Bus,3,24,Full time,Wechat,Male,4,1,1,0,8,8,S,Yes,Right,DATA2002,4,0,Always,No,5,Second year,75
Distinction,do them immediately,semester,21,yes,B: Middle,B: Middle,5,250,Share house,I don't drink alcohol,Yes,175,"Train, Bus",10,55,I don't currently work,Other,Male,6,3,2,1,3,7,Z,No,Right,DATA2002,4,0,Usually,Yes,8,Second year,70
Distinction,cram at the last second,semester,21,yes,C: Furthest from the entrance,C: Furthest from the entrance,0,20,With partner,Less than 5 standard drinks,Yes,188,"Bus, Walk",2,28,Self employed,Tiktok,Male,6,10,4,0,6,10,D,Yes,Right,DATA2002,2,0,Always,Yes,5,Second year,60
Credit,cram at the last second,semester,20,yes,C: Furthest from the entrance,C: Furthest from the entrance,1,280,Share house,I don't drink alcohol,Yes,190,"Train, Bus",7,18,I don't currently work,Other,Male,6,6,0,0,5,5,A,Yes,Right,DATA2002,1,0,Usually,Yes,5,Second year,60
Distinction,cram at the last second,semester,20,no,C: Furthest from the entrance,A: Closest to the entrance,2,100,With parent(s) and/or sibling(s),Less than 5 standard drinks,Yes,168,Train,5,15,Casual,Twitter,Female,7,8,0,3,9,9,P,Yes,Right,DATA2002,2,12,Always,No,8,Third year,76.6
High Distinction,do them immediately,semester,19,no,C: Furthest from the entrance,C: Furthest from the entrance,3,40,With parent(s) and/or sibling(s),I don't drink alcohol,Yes,180.5,"Bus, Cycle",4,25,Part time,Other,Male,7,7,1,0,3,9,M,Yes,Right,DATA2902,12,5,Always,Yes,10,Second year,87.5
High Distinction,draw up a schedule and work through it in planned stages,semester,19,yes,C: Furthest from the entrance,C: Furthest from the entrance,0,150,College or student accomodation,I don't drink alcohol,Yes,161,Walk,7,60,I don't currently work,Instagram,Female,8,5,0,1,6,9,E,No,Right,DATA2002,7,0,Always,Yes,8,First year,79
High Distinction,do them immediately,semester,19,yes,C: Furthest from the entrance,C: Furthest from the entrance,0,100,College or student accomodation,Between 5 and 10 standard drinks,Yes,152.4,Walk,6,40,I don't currently work,Instagram,Male,8,7,1,0,5,9,P,Yes,Right,DATA2902,2,0,Always,Yes,9,Second year,70.1
High Distinction,draw up a schedule and work through it in planned stages,semester,23,no,C: Furthest from the entrance,B: Middle,3,NA,With partner,Less than 5 standard drinks,No,151,"Train, Bus",8,30,Casual,Other,Female,9,4,1,0,3,8,F,Yes,Right,DATA2002,6,5,Always,Yes,4,Fourth year,84
High Distinction,draw up a schedule and work through it in planned stages,semester,20,yes,C: Furthest from the entrance,C: Furthest from the entrance,2,100,Alone,Less than 5 standard drinks,Yes,155,Walk,8,10,Casual,Other,Female,5,4,1,0,2,8,Z,No,Right,DATA2002,5,16,Usually,Yes,3,Second year,75
High Distinction,cram at the last second,semester,22,no,C: Furthest from the entrance,C: Furthest from the entrance,3,60,With parent(s) and/or sibling(s),Less than 5 standard drinks,Yes,179,"Train, Walk",1,9,Casual,Instagram,Male,7,6,2,1,4,4,T,Yes,Right,DATA2002,7,24,Usually,No,8,Second year,70
Distinction,draw up a schedule and work through it in planned stages,semester,21,yes,B: Middle,B: Middle,0,300,With parent(s) and/or sibling(s),Less than 5 standard drinks,Yes,163,Car,8,32,I don't currently work,Instagram,Female,7,4,1,0,1,7,A,No,Right,DATA2002,6,0,Usually,Yes,8,Second year,73
High Distinction,cram at the last second,semester,22,no,C: Furthest from the entrance,C: Furthest from the entrance,6,100,With parent(s) and/or sibling(s),Between 5 and 10 standard drinks,Yes,188,"Train, Bus, Walk",1,20,Casual,Instagram,Male,8,8,2,0,3,7,P,Yes,Right,DATA2002,5,15,Always,Yes,10,Fourth year,80
High Distinction,draw up a schedule and work through it in planned stages,semester,20,NA,C: Furthest from the entrance,C: Furthest from the entrance,3,20,aunt and uncle and cousins,Less than 5 standard drinks,Yes,173,"Train, Walk",NA,19,Casual,Instagram,Female,8,7,3,0,8,8,Y,Yes,Right,DATA2902,4,7,Usually,Yes,9,Third year,84.25
Distinction,draw up a schedule and work through it in planned stages,semester,22,yes,C: Furthest from the entrance,C: Furthest from the entrance,0,600,With partner,Less than 5 standard drinks,Yes,183,"Bus, Walk",10,56,I don't currently work,Twitter,Male,6,3,1,9,8,8,S,No,Right,DATA2002,14,4,Always,No,7,Second year,69.3
High Distinction,draw up a schedule and work through it in planned stages,semester,19,yes,C: Furthest from the entrance,C: Furthest from the entrance,0,100,Share house,I don't drink alcohol,No,170,"Train, Walk",4,20,I don't currently work,Instagram,Male,7,8,1,0,2,2,K,Yes,Right,DATA2002,4,NA,Always,Yes,7,Second year,82
Distinction,cram at the last second,semester,20,yes,B: Middle,A: Closest to the entrance,0,300,College or student accomodation,I don't drink alcohol,No,161,"Train, Bus",10,35,I don't currently work,Instagram,Female,6,3,1,1,6,6,E,No,Right,DATA2002,3.5,0,Usually,Yes,3,Second year,75.3
High Distinction,cram at the last second,semester,20,no,A: Closest to the entrance,A: Closest to the entrance,3,150,College or student accomodation,Between 10 and 15 standard drinks,Yes,182.88,Walk,1,40,Casual,Instagram,Male,7,3,2,0,10,4,O,Yes,Right,DATA2902,7,10,Usually,Yes,7,Second year,84
Distinction,draw up a schedule and work through it in planned stages,semester,20,yes,C: Furthest from the entrance,A: Closest to the entrance,NA,100,College or student accomodation,I don't drink alcohol,Yes,168,Walk,7,NA,Part time,Twitter,Female,9,8,0,0,6,5,M,No,Right,DATA2002,5,14.5,Always,Yes,8,Second year,75
Distinction,cram at the last second,semester,21,yes,C: Furthest from the entrance,B: Middle,4,100,Share house,I don't drink alcohol,No,NA,Train,7,10,Casual,Other,NA,8,3,1,1,3,7,G,Yes,Right,DATA2002,5,10,Sometimes,Yes,8,Fourth year,70
Distinction,cram at the last second,semester,20,yes,C: Furthest from the entrance,A: Closest to the entrance,0,100,Share house,Less than 5 standard drinks,Yes,160,"Bus, Walk",8,15,I don't currently work,Tiktok,Female,5,7,1,0,9,9,X,Yes,Right,DATA2002,0,0,Always,Yes,5,First year,67
High Distinction,draw up a schedule and work through it in planned stages,semester,20,yes,C: Furthest from the entrance,C: Furthest from the entrance,0,100,With partner,I don't drink alcohol,No,162,Bus,5,10,I don't currently work,Other,Female,9,8,0,2,7,7,7,Yes,Right,DATA2002,7,0,Always,Yes,9,Second year,52
Distinction,draw up a schedule and work through it in planned stages,semester,20,yes,C: Furthest from the entrance,C: Furthest from the entrance,0,200,Share house,Less than 5 standard drinks,No,152.4,"Train, Walk",4,12,I don't currently work,NA,Male,6,1,1,0,10,10,C,Yes,Right,DATA2002,10,0,Usually,Yes,7,Second year,70
High Distinction,draw up a schedule and work through it in planned stages,semester,21,yes,C: Furthest from the entrance,C: Furthest from the entrance,NA,NA,NA,NA,NA,NA,NA,NA,NA,NA,Instagram,NA,6.5,4,NA,NA,NA,NA,A,Yes,Right,DATA2002,12,NA,NA,No,10,NA,75
High Distinction,draw up a schedule and work through it in planned stages,semester,18,yes,C: Furthest from the entrance,C: Furthest from the entrance,7,20,With parent(s) and/or sibling(s),I don't drink alcohol,Yes,183,"Train, Bus, Walk",2,9,I don't currently work,Instagram,Male,7,4,0,0,6,7,T,No,Right,DATA2002,4,NA,Always,Yes,10,Second year,85.125
High Distinction,cram at the last second,semester,20,yes,C: Furthest from the entrance,C: Furthest from the entrance,6,169,Alone,Less than 5 standard drinks,Yes,172,Walk,10,8,Part time,Instagram,Male,9,7,1,1,1,3,S,No,Right,DATA2002,6,15,Never,Yes,9,Second year,69
High Distinction,do them immediately,semester,23,yes,C: Furthest from the entrance,B: Middle,4,120,Share house,I don't drink alcohol,No,163,Bus,2,20,I don't currently work,Other,Female,6,1,2,0,9,9,G,Yes,Right,DATA2002,2,0,Usually,Yes,7,Second year,100
Distinction,cram at the last second,semester,21,yes,C: Furthest from the entrance,B: Middle,0,100,College or student accomodation,I don't drink alcohol,Yes,154,Walk,8,20,I don't currently work,Tiktok,Female,7,4,2,0,6,8,E,No,Right,DATA2002,3,0,Sometimes,Yes,7,Third year,75
High Distinction,draw up a schedule and work through it in planned stages,semester,20,no,C: Furthest from the entrance,C: Furthest from the entrance,2,100,With parent(s) and/or sibling(s),Between 5 and 10 standard drinks,Yes,174,Car,7,10,Casual,Instagram,Female,7,7,1,0,6,6,D,Yes,Right,DATA2002,4,15,Always,Yes,8,Second year,82
Credit,draw up a schedule and work through it in planned stages,semester,21,no,C: Furthest from the entrance,A: Closest to the entrance,2,400,With parent(s) and/or sibling(s),Less than 5 standard drinks,No,170,"Train, Bus",7,20,Part time,Other,NA,8,9,1,0,3,8,X,Yes,Right,DATA2002,3,10,Usually,Yes,8,Fourth year,70
High Distinction,do them immediately,semester,20,no,C: Furthest from the entrance,C: Furthest from the entrance,20,50,With parent(s) and/or sibling(s),I don't drink alcohol,No,180,Train,2,5,Casual,Other,Male,8,7,1,NA,7,7,G,Yes,Right,DATA2002,5,3,Always,Yes,8,Second year,91
Distinction,draw up a schedule and work through it in planned stages,semester,19,no,C: Furthest from the entrance,B: Middle,2,90,With parent(s) and/or sibling(s),Less than 5 standard drinks,Yes,179,Bus,6,30,Casual,Instagram,Male,7,4,2,0,7,9,T,No,Right,DATA2002,5,10,Sometimes,Yes,8,Second year,78
High Distinction,do them immediately,semester,23,yes,A: Closest to the entrance,A: Closest to the entrance,0,80,College or student accomodation,Less than 5 standard drinks,No,177,Walk,1,20,Part time,Instagram,Male,5,6,3,0,7,10,J,Yes,Right,NA,10,11,Usually,Yes,NA,Second year,70
High Distinction,cram at the last second,semester,19,yes,A: Closest to the entrance,A: Closest to the entrance,0,1000,Alone,I don't drink alcohol,Yes,163,Walk,5,8,I don't currently work,Tiktok,Female,5,1,0,2,7,1,A,No,Right,DATA2002,0,5,Always,Yes,4,First year,72
Distinction,do them immediately,semester,22,yes,B: Middle,B: Middle,0,100,College or student accomodation,I don't drink alcohol,Yes,175,Walk,6,10,I don't currently work,Tiktok,Male,5,7,2,0,6,NA,M,No,Right,DATA2002,2,0,Usually,NA,6,Third year,75
Credit,draw up a schedule and work through it in planned stages,semester,21,yes,C: Furthest from the entrance,B: Middle,1,100,Alone,I don't drink alcohol,Yes,163,Bus,9,10,I don't currently work,Wechat,Female,6,5,0,0,5,5,Z,Yes,Right,DATA2002,1,0,Always,Yes,4,Second year,75
Distinction,draw up a schedule and work through it in planned stages,semester,20,no,C: Furthest from the entrance,C: Furthest from the entrance,5,150,With parent(s) and/or sibling(s),Between 10 and 15 standard drinks,Yes,180,"Bus, Car",3,15,Casual,Instagram,Male,7,4,2,1,7,8,W,Yes,Right,DATA2002,5,20,Always,No,7,Second year,75
Distinction,cram at the last second,semester,20,no,C: Furthest from the entrance,C: Furthest from the entrance,0,100,With parent(s) and/or sibling(s),I don't drink alcohol,Yes,185,Train,3,12,Casual,Youtube,Male,7,4,2,0,7,7,W,Yes,Right,DATA2002,20,12,Always,No,4,Second year,62
Distinction,cram at the last second,semester,19,no,C: Furthest from the entrance,C: Furthest from the entrance,0,20,With parent(s) and/or sibling(s),I don't drink alcohol,Yes,169,"Train, Bus, Walk",4,20,I don't currently work,Discord,Male,7,8,2,0,9,10,S,Yes,Right,DATA2002,2,0,Always,No,6,Second year,75
Distinction,cram at the last second,semester,19,no,C: Furthest from the entrance,B: Middle,0,0,With parent(s) and/or sibling(s),I don't drink alcohol,No,165.5,"Train, Bus, Walk",5,25,Casual,Discord,Male,7,5,2,3,2,4,I,Yes,Right,DATA2002,2.5,2,Usually,Yes,4,Second year,75
High Distinction,draw up a schedule and work through it in planned stages,semester,20,yes,C: Furthest from the entrance,C: Furthest from the entrance,0,300,With partner,I don't drink alcohol,Yes,183,Walk,6,15,Casual,Instagram,Male,7,5,0,2,1,1,L,No,Right,DATA2002,5,4,Usually,Yes,5,Third year,71
Distinction,draw up a schedule and work through it in planned stages,semester,21,yes,C: Furthest from the entrance,C: Furthest from the entrance,1,100,Share house,I don't drink alcohol,No,153,Walk,8,40,Part time,Instagram,Female,7,4,3,2,5,5,Y,Yes,Right,DATA2002,2,10,Always,Yes,5,Second year,81
High Distinction,draw up a schedule and work through it in planned stages,semester,19,no,C: Furthest from the entrance,C: Furthest from the entrance,3,350,With parent(s) and/or sibling(s),Less than 5 standard drinks,No,180,"Train, Bus",2,15,Full time,Instagram,Male,7,8,1,0,8,8,Q,Yes,Right,DATA2002,8,40,Always,Yes,10,Second year,82
Distinction,draw up a schedule and work through it in planned stages,semester,21,no,B: Middle,B: Middle,0,50,with friends,Less than 5 standard drinks,Yes,160,Bus,10,20,I don't currently work,Instagram,Female,8,10,2,0,3,3,L,Yes,Right,DATA2002,4,0,Always,Yes,7,Second year,70
High Distinction,draw up a schedule and work through it in planned stages,semester,20,yes,B: Middle,A: Closest to the entrance,2,100,Alone,I don't drink alcohol,Yes,164,Bus,8,12,I don't currently work,Instagram,Female,7,5,0,0,7,6,V,No,Right,DATA2002,5,0,Always,No,8,Second year,79
Distinction,cram at the last second,semester,20,yes,C: Furthest from the entrance,B: Middle,0,400,With partner,I don't drink alcohol,No,173,Walk,4,21,I don't currently work,Other,Female,9,2,1,0,3,8,B,No,Right,DATA2002,4,0,Usually,Yes,6,First year,75
High Distinction,draw up a schedule and work through it in planned stages,semester,21,no,C: Furthest from the entrance,A: Closest to the entrance,1,250,With parent(s) and/or sibling(s),I don't drink alcohol,No,160,"Train, Bus, Walk",4,40,I don't currently work,Instagram,Female,8,7,1,0,1,9,A,Yes,Right,DATA2002,5,0,Always,No,9,Third year,75
Distinction,draw up a schedule and work through it in planned stages,semester,21,yes,C: Furthest from the entrance,B: Middle,1,100,Alone,I don't drink alcohol,Yes,163,Bus,3,12,I don't currently work,Instagram,Female,6,4,0,0,5,5,A,No,Right,DATA2002,2,0,Always,Yes,5,Second year,68
High Distinction,draw up a schedule and work through it in planned stages,semester,21,yes,A: Closest to the entrance,A: Closest to the entrance,0,300,Share house,I don't drink alcohol,Yes,178,"Bus, Car, Walk",2,35,I don't currently work,Wechat,Male,10,8,0,0,6,6,A,Yes,Right,DATA2002,7,0,Always,Yes,8,Third year,80.03
High Distinction,draw up a schedule and work through it in planned stages,semester,22,yes,A: Closest to the entrance,A: Closest to the entrance,0,100,College or student accomodation,I don't drink alcohol,Yes,160,Bus,4,28,Casual,Tiktok,Female,8,10,0,0,7,7,S,No,Right,DATA2002,5,10,Always,Yes,10,Third year,80
High Distinction,draw up a schedule and work through it in planned stages,semester,19,yes,C: Furthest from the entrance,C: Furthest from the entrance,0,80,College or student accomodation,I don't drink alcohol,Yes,175,Walk,1,7,I don't currently work,Instagram,Male,8,10,0,0,9,6,F,Yes,Right,DATA2002,8,0,Always,Yes,10,Second year,75
High Distinction,draw up a schedule and work through it in planned stages,semester,19,yes,C: Furthest from the entrance,C: Furthest from the entrance,0,150,Share house,I don't drink alcohol,No,170,"Bus, Walk",2,20,I don't currently work,Instagram,Male,8,7,1,0,7,7,W,Yes,Right,DATA2902,2,0,Always,Yes,8,Second year,87.25
Distinction,cram at the last second,semester,19,yes,C: Furthest from the entrance,C: Furthest from the entrance,NA,100,Alone,I don't drink alcohol,Yes,NA,Walk,NA,30,I don't currently work,NA,Male,8,3,0,0,6,3,E,No,Right,DATA2002,NA,NA,Usually,Yes,4,Second year,75
Distinction,cram at the last second,semester,19,no,A: Closest to the entrance,B: Middle,2,50,College or student accomodation,Less than 5 standard drinks,Yes,172,Walk,4,5,Casual,Instagram,Female,6,5,0,5,6,8,C,No,Right,DATA2002,4,15,Usually,Yes,8,Second year,76
High Distinction,draw up a schedule and work through it in planned stages,semester,19,yes,C: Furthest from the entrance,C: Furthest from the entrance,0,80,College or student accomodation,I don't drink alcohol,Yes,175,Walk,10,7,I don't currently work,Instagram,Male,8,8,0,0,9,10,F,Yes,Right,DATA2002,8,0,Always,Yes,6,Second year,72
Distinction,draw up a schedule and work through it in planned stages,semester,22,no,B: Middle,C: Furthest from the entrance,2,100,With parent(s) and/or sibling(s),Less than 5 standard drinks,Yes,160,Walk,6,35,Casual,Instagram,Female,7,7,1,0,4,4,Z,Yes,Right,DATA2002,5,15,Usually,Yes,6,Second year,60
Credit,cram at the last second,semester,20,no,A: Closest to the entrance,C: Furthest from the entrance,3,100,With parent(s) and/or sibling(s),Between 10 and 15 standard drinks,No,182.88,Bus,3,7,Part time,Instagram,Male,6,4,2,2,5,9,Y,No,Right,DATA2002,3,21,Usually,Yes,6,Second year,65
Distinction,cram at the last second,semester,19,no,C: Furthest from the entrance,B: Middle,2,50,With parent(s) and/or sibling(s),Less than 5 standard drinks,No,180,"Train, Bus, Walk",3,15,Part time,Other,Male,6,2,3,0,5,4,W,Yes,Right,DATA2002,10,22,Usually,No,9,Second year,100
High Distinction,do them immediately,semester,19,yes,A: Closest to the entrance,A: Closest to the entrance,0,20,Share house,I don't drink alcohol,Yes,170,"Bus, Walk",7,20,I don't currently work,Instagram,Male,10,2,1,1,10,10,H,No,Right,DATA2002,0,0,Usually,Yes,9,Second year,74
High Distinction,cram at the last second,trimester,24,yes,C: Furthest from the entrance,C: Furthest from the entrance,NA,40,Cousins,Less than 5 standard drinks,Yes,176,"Train, Bus, Walk",3,10,I don't currently work,Tiktok,Male,7,6,2,2,2,2,A,Yes,Right,DATA2002,3,8,Always,Yes,8,Second year,80
Pass,cram at the last second,trimester,23,yes,C: Furthest from the entrance,C: Furthest from the entrance,0,210,Alone,I don't drink alcohol,Yes,181,Walk,10,8,I don't currently work,Wechat,Male,7,4,1,0,5,8,J,Yes,Right,DATA2002,0,0,Usually,No,4,Second year,50
High Distinction,draw up a schedule and work through it in planned stages,semester,20,yes,A: Closest to the entrance,A: Closest to the entrance,0,150,Share house,I don't drink alcohol,Yes,174,Walk,4,30,I don't currently work,Other,Female,7,5,1,0,6,8,S,Yes,Right,DATA2002,6,5,Always,Yes,8,Second year,80
High Distinction,draw up a schedule and work through it in planned stages,semester,22,no,C: Furthest from the entrance,C: Furthest from the entrance,0,50,With parent(s) and/or sibling(s),Between 5 and 10 standard drinks,Yes,163,"Train, Walk",10,40,I don't currently work,Instagram,Female,7,7,1,0,2,2,A,No,Right,DATA2002,3,0,Always,Yes,10,Second year,75
Distinction,draw up a schedule and work through it in planned stages,semester,20,no,C: Furthest from the entrance,C: Furthest from the entrance,1.5,60,With parent(s) and/or sibling(s),I don't drink alcohol,Yes,156,"Train, Bus, Walk",7,2,I don't currently work,Tiktok,Female,8,3,3,0,3,3,I,No,Right,DATA2002,2,0,Always,Yes,8,Second year,80
Credit,cram at the last second,semester,22,yes,C: Furthest from the entrance,C: Furthest from the entrance,0,300,Share house,Less than 5 standard drinks,Yes,160,"Bus, Walk",6,24,I don't currently work,Tiktok,Female,7,4,1,0,7,7,O,Yes,Right,DATA2002,6,0,Always,Yes,6,Third year,60
High Distinction,draw up a schedule and work through it in planned stages,semester,24,no,C: Furthest from the entrance,A: Closest to the entrance,2,NA,With parent(s) and partner,Between 5 and 10 standard drinks,Yes,165,"Bus, Walk, Tram",8,NA,Casual,Tiktok,Female,7,3,1,NA,7,7,F,No,Right,DATA2002,9,24,Always,Yes,9,NA,75
Pass,cram at the last second,NA,25,yes,C: Furthest from the entrance,B: Middle,3,165,College or student accomodation,Between 5 and 10 standard drinks,No,169,Walk,7,NA,I don't currently work,Instagram,Female,7,3,1,3,9,2,?,Yes,Right,DATA2002,5,0,Always,Yes,7,Third year,75
High Distinction,cram at the last second,semester,20,no,A: Closest to the entrance,A: Closest to the entrance,0,100,With partner,I don't drink alcohol,Yes,NA,"Bus, Walk",7,6,I don't currently work,Instagram,Male,8,6,0,0,7,7,T,Yes,Right,DATA2902,0,0,Usually,Yes,8,Second year,87
High Distinction,do them immediately,semester,20,yes,C: Furthest from the entrance,B: Middle,0,200,College or student accomodation,I don't drink alcohol,Yes,183,Walk,7,25,I don't currently work,Wechat,Male,8,8,1,1,4,7,K,Yes,Right,DATA2002,4,0,Always,Yes,7,Second year,85
Distinction,draw up a schedule and work through it in planned stages,semester,21,no,C: Furthest from the entrance,C: Furthest from the entrance,3,85,With parent(s) and/or sibling(s),Between 5 and 10 standard drinks,No,170,"Train, Walk",2,2,Casual,Instagram,Female,8,7,2,0,5,9,NA,Yes,Right,DATA2002,4.5,16,Always,Yes,7,Second year,81.7
High Distinction,cram at the last second,semester,19,no,B: Middle,B: Middle,2,250,Alone,Less than 5 standard drinks,No,177,Walk,2,40,I don't currently work,Wechat,Female,8,8,1,1,6,8,L,No,Right,DATA2002,4,0,Usually,Yes,4,Second year,83.5
Credit,cram at the last second,semester,21,no,C: Furthest from the entrance,C: Furthest from the entrance,14,200,College or student accomodation,More than 20 standard drinks,Yes,190,"Car, Walk",1,2,Casual,Other,Male,8,4,2,0,3,NA,A,Yes,Right,DATA2002,30,20,Usually,Yes,8,Third year,65
High Distinction,draw up a schedule and work through it in planned stages,semester,19,no,C: Furthest from the entrance,C: Furthest from the entrance,2,10,With parent(s) and/or sibling(s),I don't drink alcohol,No,157,"Train, Bus, Walk",4,5,Casual,Instagram,Female,7,7,2,0,9,4,L,Yes,Right,DATA2902,5,7,Always,Yes,10,Second year,87.5
Distinction,cram at the last second,semester,19,NA,C: Furthest from the entrance,C: Furthest from the entrance,2,5,College or student accomodation,Between 5 and 10 standard drinks,Yes,173,live on campus,9,7,Part time,Other,NA,8,6,3,0,7,7,S,Yes,Ambidextrous,DATA2002,1,6,Always,Yes,5,Second year,69
Credit,draw up a schedule and work through it in planned stages,semester,22,yes,C: Furthest from the entrance,C: Furthest from the entrance,2,150,Alone,I don't drink alcohol,Yes,178,Bus,8,25,Full time,Other,Male,6,4,0,0,6,6,F,No,Right,DATA2002,4,0,Usually,Yes,7,Third year,70
High Distinction,draw up a schedule and work through it in planned stages,semester,19,no,C: Furthest from the entrance,C: Furthest from the entrance,0,20,With parent(s) and/or sibling(s),I don't drink alcohol,No,153,Train,10,33,Part time,Instagram,Female,8,8,2,0,8,8,B,Yes,Right,DATA2002,0,9,Always,Yes,8,Second year,75
High Distinction,draw up a schedule and work through it in planned stages,semester,19,no,C: Furthest from the entrance,C: Furthest from the entrance,0,20,With parent(s) and/or sibling(s),I don't drink alcohol,Yes,166,"Train, Bus",7,30,Self employed,Tiktok,Female,7,2,2,1,4,7,L,Yes,Right,DATA2002,NA,2,Always,Yes,7,Second year,75
Pass,draw up a schedule and work through it in planned stages,semester,23,yes,A: Closest to the entrance,C: Furthest from the entrance,0,80,With parent(s) and/or sibling(s),I don't drink alcohol,Yes,169,Walk,5,8,NA,Instagram,Male,6,8,1,1,8,8,B,Yes,Right,DATA2002,6,0,Always,Yes,9,Third year,70
Distinction,cram at the last second,semester,18,no,C: Furthest from the entrance,C: Furthest from the entrance,NA,40,With parent(s) and/or sibling(s),Less than 5 standard drinks,Yes,173,"Train, Bus, Walk",4,10,I don't currently work,Youtube,Male,7,4,1,0,6,9,R,Yes,Right,DATA2002,6,0,Usually,Yes,6,Second year,75
High Distinction,draw up a schedule and work through it in planned stages,semester,26,yes,C: Furthest from the entrance,C: Furthest from the entrance,0,500,Share house,Less than 5 standard drinks,Yes,177,"Train, Bus",8,20,I don't currently work,Other,Male,6,6,0,0,7,7,V,Yes,Right,DATA2002,2,0,Usually,Yes,5,Fifth or higher year,69
High Distinction,cram at the last second,semester,19,yes,C: Furthest from the entrance,C: Furthest from the entrance,0,150,with friends,Less than 5 standard drinks,Yes,167,Walk,10,3,Contractor,Youtube,Male,7,10,1,0,7,7,E,No,Right,DATA2002,0,4,Usually,Yes,10,Second year,91
Distinction,draw up a schedule and work through it in planned stages,semester,25,no,A: Closest to the entrance,A: Closest to the entrance,6,40,With partner,Less than 5 standard drinks,Yes,178,"Car, Walk",1,42,I don't currently work,Youtube,Male,7.25,10,NA,0,2,7,K,Yes,Left,DATA2002,10,0,Always,Yes,8,Second year,70.7
Distinction,draw up a schedule and work through it in planned stages,semester,21,no,C: Furthest from the entrance,C: Furthest from the entrance,0,150,With parent(s) and/or sibling(s),I don't drink alcohol,Yes,155,Train,2,NA,Part time,NA,Female,8,3,1,NA,2,2,S,Yes,Right,DATA2002,NA,18,Always,Yes,5,NA,75
High Distinction,do them immediately,semester,19,yes,C: Furthest from the entrance,C: Furthest from the entrance,1,10,With partner,I don't drink alcohol,Yes,178,Walk,2,10,Casual,Other,Female,9,8,0,0,7,10,S,Yes,Right,DATA2002,2,0,Always,Yes,8,First year,78
Distinction,cram at the last second,semester,NA,no,C: Furthest from the entrance,C: Furthest from the entrance,0,300,With parent(s) and/or sibling(s),Less than 5 standard drinks,Yes,162,"Train, Bus, Walk",4,5,Casual,Instagram,Female,8,5,4,0,2,2,R,Yes,Right,DATA2002,0.5,13,Usually,Yes,4,Second year,70
Credit,draw up a schedule and work through it in planned stages,semester,21,yes,B: Middle,B: Middle,0,400,Share house,I don't drink alcohol,Yes,178,"Train, Walk",3,5,I don't currently work,Other,Male,7,8,0,0,10,1,A,Yes,Left,DATA2002,6,0,Always,Yes,7,Second year,72
Distinction,cram at the last second,trimester,21,yes,C: Furthest from the entrance,C: Furthest from the entrance,0,100,Share house,I don't drink alcohol,No,181,"Train, Bus, Walk, Tram",9,20,I don't currently work,Instagram,Male,5,2,3,1,7,7,H,Yes,Right,DATA2002,7,0,Usually,Yes,7,Second year,75
High Distinction,draw up a schedule and work through it in planned stages,semester,20,yes,C: Furthest from the entrance,C: Furthest from the entrance,2,NA,College or student accomodation,I don't drink alcohol,No,164,Walk,3,50,I don't currently work,Twitter,Female,8.5,5,1,2,7,7,Z,No,Right,DATA2002,0,0,Always,No,9,Second year,84
High Distinction,draw up a schedule and work through it in planned stages,semester,22,yes,C: Furthest from the entrance,B: Middle,NA,100,With partner,I don't drink alcohol,Yes,162,Walk,2,10,Contractor,Twitter,NA,10,7,1,3,8,10,M,Yes,Left,DATA2002,3,3,Always,Yes,6,Third year,75
Distinction,cram at the last second,semester,21,yes,C: Furthest from the entrance,C: Furthest from the entrance,5,130,College or student accomodation,I don't drink alcohol,No,173,Bike,5,20,Casual,Other,Male,7,4,3,0,4,4,H,Yes,Right,DATA2002,4,3,Sometimes,Yes,6,Second year,73
Distinction,draw up a schedule and work through it in planned stages,semester,20,no,C: Furthest from the entrance,C: Furthest from the entrance,0,NA,With parent(s) and/or sibling(s),NA,Yes,160,"Bus, Walk",9,10,Part time,Tiktok,Female,6,3,0,NA,7,7,C,Yes,Right,DATA2002,NA,NA,NA,Yes,7,NA,75
Distinction,draw up a schedule and work through it in planned stages,semester,21,yes,C: Furthest from the entrance,C: Furthest from the entrance,2,280,Alone,Less than 5 standard drinks,Yes,167,"Bus, Walk",6,25,I don't currently work,Instagram,Female,8,4,1,3,3,3,C,Yes,Right,DATA2002,7,0,Always,Yes,7,Second year,78
High Distinction,cram at the last second,semester,20,yes,C: Furthest from the entrance,B: Middle,0,100,Share house,I don't drink alcohol,Yes,164,Train,7,38,I don't currently work,Wechat,Female,9,2,0,2,6,4,U,No,Right,DATA2002,2,0,Always,Yes,3,Second year,68
High Distinction,cram at the last second,semester,21,no,C: Furthest from the entrance,C: Furthest from the entrance,0,250,Alone,Less than 5 standard drinks,No,171,Walk,10,56,I don't currently work,Tiktok,Male,6,1,0,0,3,3,A,Yes,Right,DATA2002,1,0,Always,Yes,8,Third year,75
High Distinction,draw up a schedule and work through it in planned stages,semester,21,yes,C: Furthest from the entrance,C: Furthest from the entrance,2,130,Share house,Less than 5 standard drinks,Yes,163,Walk,5,30,I don't currently work,Other,Female,8,2,1,0,6,9,R,No,Right,DATA2002,5,0,Usually,Yes,1,Second year,75.65
Distinction,draw up a schedule and work through it in planned stages,trimester,20,yes,C: Furthest from the entrance,C: Furthest from the entrance,2,288,Alone,Less than 5 standard drinks,Yes,164.5,Bus,6,26,I don't currently work,Other,Female,7,8,0,0,7,8,Y,No,Right,DATA2002,8,0,Always,Yes,8,First year,72
Distinction,cram at the last second,semester,22,no,C: Furthest from the entrance,C: Furthest from the entrance,6,200,With parent(s) and/or sibling(s),Between 5 and 10 standard drinks,Yes,195,"Train, Bus, Walk",5,5,Casual,Instagram,Male,6,2,2,0,6,6,J,Yes,Right,DATA2902,7,24,Always,Yes,7,Fourth year,73
Distinction,cram at the last second,semester,21,yes,C: Furthest from the entrance,C: Furthest from the entrance,2,400,Share house,Less than 5 standard drinks,Yes,175,Train,2,15,I don't currently work,Wechat,Male,6,1,1,0,7,7,S,No,Left,DATA2002,0,0,Always,Yes,4,Third year,65
High Distinction,draw up a schedule and work through it in planned stages,semester,19,no,C: Furthest from the entrance,C: Furthest from the entrance,3,50,With parent(s) and/or sibling(s),I don't drink alcohol,No,176,"Train, Bus",5,55,Self employed,Instagram,Female,8,6,0,0,7,4,A,Yes,Right,DATA2002,4,3,Always,Yes,7,Second year,75
Distinction,draw up a schedule and work through it in planned stages,semester,21,yes,C: Furthest from the entrance,C: Furthest from the entrance,1,150,Share house,I don't drink alcohol,Yes,172,"Bus, Walk, Tram",6,50,I don't currently work,Youtube,Female,7,4,1,1,7,7,X,Yes,Right,DATA2002,1,0,Always,Yes,6,Second year,59.5
High Distinction,cram at the last second,semester,19,yes,C: Furthest from the entrance,C: Furthest from the entrance,2,500,Share house,I don't drink alcohol,Yes,NA,Train,8,4,I don't currently work,Instagram,Female,10,1,0,2,2,7,A,No,Right,DATA2002,1,0,Usually,No,3,Second year,78
High Distinction,draw up a schedule and work through it in planned stages,semester,20,no,C: Furthest from the entrance,B: Middle,4,200,With parent(s) and/or sibling(s),I don't drink alcohol,Yes,186,Train,5,20,Full time,Instagram,Male,6,6,1,2,8,7,S,Yes,Right,DATA2002,12,40,Always,Yes,8,Third year,81
Distinction,cram at the last second,semester,20,no,C: Furthest from the entrance,C: Furthest from the entrance,5,200,With parent(s) and/or sibling(s),I don't drink alcohol,Yes,185,"Train, Bus, Car",3,35,Self employed,Instagram,Male,9,8,2,0,7,7,A,Yes,Right,DATA2002,9,20,Always,Yes,8,Third year,70
High Distinction,do them immediately,semester,19,yes,A: Closest to the entrance,B: Middle,2,50,With parent(s) and/or sibling(s),Less than 5 standard drinks,Yes,165.1,"Train, Bus, Car, Walk",2,5,Casual,Instagram,Male,8,8,1,0,4,9,G,Yes,Right,DATA2902,3,6,Always,Yes,7,Second year,88
High Distinction,draw up a schedule and work through it in planned stages,semester,21,yes,C: Furthest from the entrance,B: Middle,0,250,College or student accomodation,Less than 5 standard drinks,Yes,165.1,Walk,7,10,I don't currently work,Tiktok,Female,7,7,2,0,10,10,A,Yes,Right,DATA2002,2,15,Usually,Yes,9,Third year,78
High Distinction,draw up a schedule and work through it in planned stages,semester,20,yes,C: Furthest from the entrance,B: Middle,1,150,With partner,I don't drink alcohol,No,178,Walk,5,15,Casual,Other,Male,8,6,2,2,6,8,B,Yes,Right,DATA2002,5,0,Always,Yes,6,Second year,70
High Distinction,cram at the last second,semester,19,no,C: Furthest from the entrance,C: Furthest from the entrance,3,20,With parent(s) and/or sibling(s),I don't drink alcohol,No,163,"Train, Car, Walk",9,10,Part time,Other,Female,6,4,2,0,3,3,N,Yes,Right,DATA2902,4,13,Always,Yes,7,Second year,82
Distinction,draw up a schedule and work through it in planned stages,semester,21,yes,C: Furthest from the entrance,C: Furthest from the entrance,0,200,Share house,Less than 5 standard drinks,Yes,171,"Train, Car, Walk",6,17,Casual,Other,Female,9,8,0,1,8,8,S,Yes,Right,DATA2002,3,16,Always,Yes,4,Third year,75
High Distinction,draw up a schedule and work through it in planned stages,semester,21,yes,C: Furthest from the entrance,C: Furthest from the entrance,0,200,Share house,Less than 5 standard drinks,Yes,175,Walk,6,21,I don't currently work,Instagram,Male,6,8,0,0,6,9,J,Yes,Right,DATA2002,4,0,Always,No,10,Second year,84.8
High Distinction,draw up a schedule and work through it in planned stages,semester,21,yes,B: Middle,C: Furthest from the entrance,1,50,College or student accomodation,I don't drink alcohol,Yes,161,"Bus, Walk",5,35,Casual,Tiktok,Female,8,9,2,5,2,2,Z,Yes,Right,DATA2002,5,5,Always,Yes,9,Third year,73.2
Distinction,cram at the last second,semester,20,no,C: Furthest from the entrance,B: Middle,0,200,College or student accomodation,Less than 5 standard drinks,Yes,168,Bus,8,3,I don't currently work,Wechat,Female,6,5,5,0,5,4,J,Yes,Right,DATA2002,2,0,Always,Yes,7,First year,66
Distinction,draw up a schedule and work through it in planned stages,semester,21,yes,C: Furthest from the entrance,C: Furthest from the entrance,0,200,Share house,Less than 5 standard drinks,No,170,"Train, Car",3,40,Casual,Youtube,Male,7,9,0,4,7,7,C,Yes,Ambidextrous,DATA2002,5,10,Always,Yes,8,Second year,80
Pass,draw up a schedule and work through it in planned stages,semester,21,yes,C: Furthest from the entrance,C: Furthest from the entrance,0,210,College or student accomodation,Between 5 and 10 standard drinks,Yes,164,"Train, Bus, Walk",4,40,I don't currently work,Instagram,NA,6,4,0,3,3,8,W,No,Right,DATA2002,3,0,Always,Yes,10,Third year,75
High Distinction,do them immediately,semester,20,yes,C: Furthest from the entrance,A: Closest to the entrance,0,150,College or student accomodation,I don't drink alcohol,No,169,Walk,7,20,Part time,Twitter,Male,7,4,0,1,7,7,E,Yes,Right,DATA2002,4,0,Usually,Yes,7,Second year,75
High Distinction,cram at the last second,semester,19,no,C: Furthest from the entrance,B: Middle,2,20,With parent(s) and/or sibling(s),Less than 5 standard drinks,Yes,163,"Train, Car, Walk",7,7,Part time,Instagram,Female,6,1,1,0,6,8,E,Yes,Right,DATA2002,4,9,Usually,Yes,9,Second year,87
Distinction,draw up a schedule and work through it in planned stages,semester,20,no,A: Closest to the entrance,A: Closest to the entrance,2,0,Sharehouse with Partners and Siblings,Less than 5 standard drinks,Yes,163,Walk,4,15,I don't currently work,Instagram,Male,8,8,1,0,6,7,S,Yes,Right,DATA2902,0,0,Always,Yes,7,Second year,75
Distinction,draw up a schedule and work through it in planned stages,semester,20,yes,C: Furthest from the entrance,C: Furthest from the entrance,30,40,With parent(s) and/or sibling(s),Less than 5 standard drinks,No,160.02,"Train, Bus, Car, Walk",2,25,Part time,Instagram,Female,7,8,1,0,10,7,S,Yes,Right,DATA2002,5,23,Always,No,10,Third year,78
Distinction,do them immediately,semester,20,yes,C: Furthest from the entrance,A: Closest to the entrance,0,315,College or student accomodation,I don't drink alcohol,Yes,172,"Bus, Walk",9,7,I don't currently work,Discord,Male,8,4,1,1,5,7,Q,Yes,Right,DATA2002,4,0,Usually,Yes,6,Second year,73.92
High Distinction,draw up a schedule and work through it in planned stages,semester,21,no,A: Closest to the entrance,A: Closest to the entrance,4,75,With parent(s) and/or sibling(s),I don't drink alcohol,Yes,182.88,"Train, Car",6,15,Casual,Instagram,Male,7,4,3,0,4,4,C,Yes,Right,DATA2002,12,15,Always,Yes,8,Third year,85
High Distinction,draw up a schedule and work through it in planned stages,semester,20,yes,A: Closest to the entrance,B: Middle,1,NA,College or student accomodation,I don't drink alcohol,Yes,175,Walk,4,40,Full time,Other,Female,7,7,0,0,1,1,V,Yes,Right,DATA2002,1,0,Always,Yes,8,Second year,87
High Distinction,cram at the last second,semester,19,no,C: Furthest from the entrance,C: Furthest from the entrance,0,40,With parent(s) and/or sibling(s),I don't drink alcohol,Yes,185,"Train, Car",4,15,Contractor,Instagram,Male,8,7,1,0,1,3,A,Yes,Right,DATA2002,3,13,Usually,No,8,Second year,73
High Distinction,draw up a schedule and work through it in planned stages,semester,19,yes,C: Furthest from the entrance,B: Middle,7,100,College or student accomodation,Less than 5 standard drinks,Yes,189,Walk,2,40,I don't currently work,Instagram,Male,9,3,1,2,10,7,W,Yes,Right,DATA2002,5,0,Always,No,9,Second year,67
